scene_id,content_id,content_type,program_name,content_name,description,scene_start_ts,scene_end_ts,llm_version,is_active,content_ratings,ci_content_id,program_id,primary_genre,content_tags,iab_tier1_list,iab_tier2_list,iab_tier3_list,genre_list,sentiment_list,cast_list,garm_all_labels,garm_adult_content,garm_arms_ammunition,garm_crime,garm_death_injury,garm_drugs_tobacco,garm_hate_speech,garm_obscenity,garm_online_piracy,garm_sensitive_social,garm_spam,garm_terrorism,_created_at
3d041b04-ec2c-4b0b-9ec8-d6dd26a77897,608871,MOVIE,Hercules,Hercules,,2677.7083722034217,2698.9963055807725,,True,TV_G,608871,608871,Fantasy,"Greek,mythology,warrior,hero,heroic,Hercules,Zeus,combat,cartoon,​​Animation,​​Kids​​ & ​​Family","[""Genres"",""Attractions""]","[""Historic Site and Landmark Tours"",""Drama""]",[],"[""Drama""]","[""Anticipation"",""Trust""]",[],[],,,,,,,,,,,,2026-04-22 15:47:15.158947
bd8a7c41-09fe-4973-8037-0ec272257af9,608871,MOVIE,Hercules,Hercules,,5179.47431070971,5198.426577415565,,True,TV_G,608871,608871,Fantasy,"Greek,mythology,warrior,hero,heroic,Hercules,Zeus,combat,cartoon,​​Animation,​​Kids​​ & ​​Family","[""Genres"",""Attractions""]","[""Comedy""]",[],"[""Comedy""]","[""Joy"",""Trust""]",[],[],,,,,,,,,,,,2026-04-22 15:47:15.158947
4257c782-863b-45bc-b65f-9d162e700423,608871,MOVIE,Hercules,Hercules,,4879.708176756544,4899.561343464261,,True,TV_G,608871,608871,Fantasy,"Greek,mythology,warrior,hero,heroic,Hercules,Zeus,combat,cartoon,​​Animation,​​Kids​​ & ​​Family","[""Genres""]","[""Comedy"",""Family/Children"",""Documentary""]",[],"[""Family/Children"",""Documentary"",""Comedy""]","[""Trust"",""Anticipation""]",[],[],,,,,,,,,,,,2026-04-22 15:47:15.158947
e2d36519-a7cf-484c-8b19-bb6d8747a796,608871,MOVIE,Hercules,Hercules,,2457.988871749103,2479.8774051276955,,True,TV_G,608871,608871,Fantasy,"Greek,mythology,warrior,hero,heroic,Hercules,Zeus,combat,cartoon,​​Animation,​​Kids​​ & ​​Family","[""Technology & Computing"",""Attractions""]","[""Outdoor Activities"",""Robotics""]",[],[],"[""Surprise"",""Joy"",""Anticipation""]",[],"[""Non-Explicit Nudity of Intimate parts and Kissing""]",detected,,,,,,,,,,,2026-04-22 15:47:15.158947
8d7b4641-af03-4e54-b0b7-446f1906656a,608871,MOVIE,Hercules,Hercules,,2099.0302710068763,2116.1473710422697,,True,TV_G,608871,608871,Fantasy,"Greek,mythology,warrior,hero,heroic,Hercules,Zeus,combat,cartoon,​​Animation,​​Kids​​ & ​​Family","[""Attractions"",""Entertainment""]","[""Museums & Galleries"",""Music""]",[],[],"[""Anticipation"",""Joy""]",[],"[""Violence""]",,,,,,,,,,,,2026-04-22 15:47:15.158947
62bd8b03-f387-4971-b761-031ff6c274ec,608871,MOVIE,Hercules,Hercules,,2378.476104918026,2398.562838292893,,True,TV_G,608871,608871,Fantasy,"Greek,mythology,warrior,hero,heroic,Hercules,Zeus,combat,cartoon,​​Animation,​​Kids​​ & ​​Family","[""Family and Relationships"",""Attractions""]","[""Outdoor Activities""]",[],[],"[""Joy"",""Trust"",""Surprise"",""Anticipation""]",[],"[""Graphic Violence"",""Weapons""]",,detected,,detected,,,,,,,,2026-04-22 15:47:15.158947
b319d68d-92c9-45a9-b15c-95db4191e08e,608871,MOVIE,Hercules,Hercules,,3836.4659745994095,3857.7205413100246,,True,TV_G,608871,608871,Fantasy,"Greek,mythology,warrior,hero,heroic,Hercules,Zeus,combat,cartoon,​​Animation,​​Kids​​ & ​​Family","[""Attractions""]","[""Outdoor Activities""]",[],[],"[""Joy"",""Trust"",""Transitional""]",[],[],,,,,,,,,,,,2026-04-22 15:47:15.158947
f9596cae-df3a-4cc7-a1a2-b8440732587d,608871,MOVIE,Hercules,Hercules,,899.6320685268552,916.3487685614207,,True,TV_G,608871,608871,Fantasy,"Greek,mythology,warrior,hero,heroic,Hercules,Zeus,combat,cartoon,​​Animation,​​Kids​​ & ​​Family","[""Books and Literature"",""Attractions""]","[""Museums & Galleries"",""Outdoor Activities""]",[],[],"[""Trust"",""Sadness""]",[],[],,,,,,,,,,,,2026-04-22 15:47:15.158947
09f48bbc-b211-4461-a052-e2866d9668d9,608871,MOVIE,Hercules,Hercules,,879.4786018185167,899.5987018601195,,True,TV_G,608871,608871,Fantasy,"Greek,mythology,warrior,hero,heroic,Hercules,Zeus,combat,cartoon,​​Animation,​​Kids​​ & ​​Family","[""Genres"",""Attractions""]","[""Documentary"",""Drama""]",[],"[""Drama"",""Documentary""]","[""Informative"",""Sadness""]",[],"[""Violence""]",,,,,,,,,,,,2026-04-22 15:47:15.158947
694cd09c-90e8-48a9-a095-65144202865d,608871,MOVIE,Hercules,Hercules,,757.0563015653815,779.5454349452161,,True,TV_G,608871,608871,Fantasy,"Greek,mythology,warrior,hero,heroic,Hercules,Zeus,combat,cartoon,​​Animation,​​Kids​​ & ​​Family","[""Genres""]","[""Documentary"",""Biographies"",""Comedy""]",[],"[""Comedy"",""Biographies"",""Documentary""]","[""Trust"",""Informative"",""Joy""]",[],[],,,,,,,,,,,,2026-04-22 15:47:15.158947
1388ba4e-3491-49de-b970-e016320463c9,608871,MOVIE,Hercules,Hercules,,3039.6699729518573,3057.5878729889064,,True,TV_G,608871,608871,Fantasy,"Greek,mythology,warrior,hero,heroic,Hercules,Zeus,combat,cartoon,​​Animation,​​Kids​​ & ​​Family","[""Attractions""]","[""Outdoor Activities""]",[],[],"[""Transitional"",""Informative""]",[],[],,,,,,,,,,,,2026-04-22 15:47:15.158947
ba1cf2e6-7f76-415e-b81f-6ca20385d01b,608871,MOVIE,Hercules,Hercules,,2178.976804505517,2199.597404548155,,True,TV_G,608871,608871,Fantasy,"Greek,mythology,warrior,hero,heroic,Hercules,Zeus,combat,cartoon,​​Animation,​​Kids​​ & ​​Family","[""Genres""]","[""Biographies"",""Comedy"",""Mystery""]",[],"[""Biographies"",""Comedy"",""Mystery""]","[""Surprise"",""Fear""]",[],"[""Explicit Sexual Activity""]",detected,,,,,,,,,,,2026-04-22 15:47:15.158947
93a7878f-f5e7-4c39-9e70-9f235ae4b23e,608871,MOVIE,Hercules,Hercules,,1639.2376033894866,1658.6903700963762,,True,TV_G,608871,608871,Fantasy,"Greek,mythology,warrior,hero,heroic,Hercules,Zeus,combat,cartoon,​​Animation,​​Kids​​ & ​​Family","[""Genres"",""Attractions""]","[""Comedy"",""Outdoor Activities""]",[],"[""Comedy""]","[""Anticipation""]",[],[],,,,,,,,,,,,2026-04-22 15:47:15.158947
6460de0e-4f61-4f4d-a3af-a0757818460d,608871,MOVIE,Hercules,Hercules,,3499.3959072357757,3513.676840598638,,True,TV_G,608871,608871,Fantasy,"Greek,mythology,warrior,hero,heroic,Hercules,Zeus,combat,cartoon,​​Animation,​​Kids​​ & ​​Family","[""Attractions"",""Family and Relationships""]","[""Museums & Galleries""]",[],[],"[""Surprise""]",[],[],,,,,,,,,,,,2026-04-22 15:47:15.158947
7c642b0e-50f5-460d-a8bc-3aba88d5331e,608871,MOVIE,Hercules,Hercules,,4059.8224417279152,4078.3075750994703,,True,TV_G,608871,608871,Fantasy,"Greek,mythology,warrior,hero,heroic,Hercules,Zeus,combat,cartoon,​​Animation,​​Kids​​ & ​​Family","[""Travel"",""Attractions""]","[""Outdoor Activities""]",[],[],"[""Anticipation"",""Joy""]",[],[],,,,,,,,,,,,2026-04-22 15:47:15.158947
6006bb8e-13da-446c-a854-21746f8bfd1b,608871,MOVIE,Hercules,Hercules,,2398.5962049596287,2417.9488716663113,,True,TV_G,608871,608871,Fantasy,"Greek,mythology,warrior,hero,heroic,Hercules,Zeus,combat,cartoon,​​Animation,​​Kids​​ & ​​Family","[""Attractions"",""Genres""]","[""Outdoor Activities"",""Animation & Anime""]",[],"[""Animation & Anime""]","[""Trust"",""Anticipation"",""Joy"",""Surprise""]",[],[],,,,,,,,,,,,2026-04-22 15:47:15.158947
211a8b1a-7f9d-40d0-a531-dd876cc80ae3,608871,MOVIE,Hercules,Hercules,,4078.340941766206,4098.8280751419015,,True,TV_G,608871,608871,Fantasy,"Greek,mythology,warrior,hero,heroic,Hercules,Zeus,combat,cartoon,​​Animation,​​Kids​​ & ​​Family","[""Attractions"",""Genres""]","[""Drama"",""Action/Adventure""]",[],"[""Drama"",""Action/Adventure""]","[""Anticipation"",""Trust""]",[],"[""Violence""]",,,,,,,,,,,,2026-04-22 15:47:15.158947
4c6aa2c3-0900-4f37-9821-9762deeb2520,608871,MOVIE,Hercules,Hercules,,3634.0304075141626,3657.7541075632166,,True,TV_G,608871,608871,Fantasy,"Greek,mythology,warrior,hero,heroic,Hercules,Zeus,combat,cartoon,​​Animation,​​Kids​​ & ​​Family","[""Genres"",""Attractions"",""Entertainment""]","[""Biographies"",""Comedy"",""Music"",""Museums & Galleries""]",[],"[""Biographies"",""Comedy""]","[""Trust"",""Informative"",""Anticipation""]",[],[],,,,,,,,,,,,2026-04-22 15:47:15.158947
017d5789-8232-4b41-b0a9-d2b1f9821ae9,608871,MOVIE,Hercules,Hercules,,2138.7032377555756,2158.7232377969717,,True,TV_G,608871,608871,Fantasy,"Greek,mythology,warrior,hero,heroic,Hercules,Zeus,combat,cartoon,​​Animation,​​Kids​​ & ​​Family","[""Genres"",""Attractions""]","[""Comedy"",""Outdoor Activities""]",[],"[""Comedy""]","[""Surprise"",""Anticipation""]",[],[],,,,,,,,,,,,2026-04-22 15:47:15.158947
cf7a6a80-0b3f-43a9-b15e-104948db564f,608871,MOVIE,Hercules,Hercules,,5079.908177170501,5098.426677208793,,True,TV_G,608871,608871,Fantasy,"Greek,mythology,warrior,hero,heroic,Hercules,Zeus,combat,cartoon,​​Animation,​​Kids​​ & ​​Family","[""Genres""]","[""Documentary"",""Comedy"",""Biographies""]",[],"[""Biographies"",""Comedy"",""Documentary""]","[""Anticipation"",""Joy""]",[],"[""Non-Explicit Nudity of Intimate parts and Kissing""]",detected,,,,,,,,,,,2026-04-22 15:47:15.158947
6b596ea6-a2ff-4a9e-9a78-f71defb673c7,608871,MOVIE,Hercules,Hercules,,2199.6307712148905,2218.282737920124,,True,TV_G,608871,608871,Fantasy,"Greek,mythology,warrior,hero,heroic,Hercules,Zeus,combat,cartoon,​​Animation,​​Kids​​ & ​​Family","[""Genres"",""Attractions""]","[""Soap Opera"",""Outdoor Activities""]",[],"[""Soap Opera""]","[""Anticipation"",""Trust"",""Joy""]",[],[],,,,,,,,,,,,2026-04-22 15:47:15.158947
7fb467b4-8125-4048-b133-fac64fef140f,608871,MOVIE,Hercules,Hercules,,779.5788016119518,797.596801649208,,True,TV_G,608871,608871,Fantasy,"Greek,mythology,warrior,hero,heroic,Hercules,Zeus,combat,cartoon,​​Animation,​​Kids​​ & ​​Family","[""Education"",""Genres""]","[""Drama"",""College Education"",""Mystery""]","[""Postgraduate Education""]","[""Mystery"",""Drama""]","[""Anticipation"",""Joy"",""Trust""]",[],[],,,,,,,,,,,,2026-04-22 15:47:15.158947
e569abd3-ae4d-4073-b5fb-6f5c8c34ab62,608871,MOVIE,Hercules,Hercules,,99.46603353900139,119.38593358019018,,True,TV_G,608871,608871,Fantasy,"Greek,mythology,warrior,hero,heroic,Hercules,Zeus,combat,cartoon,​​Animation,​​Kids​​ & ​​Family","[""Attractions"",""Food & Drink"",""Hobbies & Interests""]","[""Parks & Nature""]",[],[],"[""Trust"",""Joy"",""Anticipation""]",[],[],,,,,,,,,,,,2026-04-22 15:47:15.158947
9fbc1a82-5d77-47ca-b035-acaaafa92b3d,608871,MOVIE,Hercules,Hercules,,3819.916107898522,3836.432607932674,,True,TV_G,608871,608871,Fantasy,"Greek,mythology,warrior,hero,heroic,Hercules,Zeus,combat,cartoon,​​Animation,​​Kids​​ & ​​Family","[""Attractions"",""Travel""]","[""Outdoor Activities""]",[],[],"[""Trust"",""Anticipation""]",[],[],,,,,,,,,,,,2026-04-22 15:47:15.158947
95bed16f-6d5f-4788-b05d-a2f80bea5cea,608871,MOVIE,Hercules,Hercules,,4019.3486749775598,4038.834808351185,,True,TV_G,608871,608871,Fantasy,"Greek,mythology,warrior,hero,heroic,Hercules,Zeus,combat,cartoon,​​Animation,​​Kids​​ & ​​Family","[""Genres"",""Attractions""]","[""Comedy"",""Documentary""]",[],"[""Comedy"",""Documentary""]","[""Anticipation"",""Joy"",""Trust""]",[],"[""Violence""]",,,,,,,,,,,,2026-04-22 15:47:15.158947
bf222526-4ece-402b-ac30-0b04d16d3b24,608871,MOVIE,Hercules,Hercules,,2077.47540429564,2098.9969043401406,,True,TV_G,608871,608871,Fantasy,"Greek,mythology,warrior,hero,heroic,Hercules,Zeus,combat,cartoon,​​Animation,​​Kids​​ & ​​Family","[""Attractions"",""Genres""]","[""Documentary""]",[],"[""Documentary""]","[""Anticipation"",""Trust""]",[],[],,,,,,,,,,,,2026-04-22 15:47:15.158947
c2dc6cc4-c22a-49c1-be96-9ea3f1a59c93,608871,MOVIE,Hercules,Hercules,,2235.2997379553103,2259.156904671307,,True,TV_G,608871,608871,Fantasy,"Greek,mythology,warrior,hero,heroic,Hercules,Zeus,combat,cartoon,​​Animation,​​Kids​​ & ​​Family","[""Genres"",""Attractions""]","[""Comedy"",""Museums & Galleries""]",[],"[""Comedy""]","[""Anticipation"",""Trust""]",[],[],,,,,,,,,,,,2026-04-22 15:47:15.158947
7a8aa33e-ba90-4b16-84ee-de69dd508d22,608871,MOVIE,Hercules,Hercules,,3538.2347073160836,3559.7228406938484,,True,TV_G,608871,608871,Fantasy,"Greek,mythology,warrior,hero,heroic,Hercules,Zeus,combat,cartoon,​​Animation,​​Kids​​ & ​​Family","[""Genres"",""Attractions""]","[""Comedy"",""Outdoor Activities""]",[],"[""Comedy""]","[""Transitional"",""Anticipation"",""Joy""]",[],[],,,,,,,,,,,,2026-04-22 15:47:15.158947
961a71d3-537c-438e-b937-3df50a8639f9,608871,MOVIE,Hercules,Hercules,,3214.411206646507,3239.2693733645733,,True,TV_G,608871,608871,Fantasy,"Greek,mythology,warrior,hero,heroic,Hercules,Zeus,combat,cartoon,​​Animation,​​Kids​​ & ​​Family","[""Attractions""]","[""Historic Site and Landmark Tours""]",[],[],"[""Surprise""]",[],"[""Violence""]",,,,,,,,,,,,2026-04-22 15:47:15.158947
357a93fb-f7bc-4d6e-8f05-39b03fcb2216,608871,MOVIE,Hercules,Hercules,,17.68433336989961,37.103733410053515,,True,TV_G,608871,608871,Fantasy,"Greek,mythology,warrior,hero,heroic,Hercules,Zeus,combat,cartoon,​​Animation,​​Kids​​ & ​​Family","[""Education"",""Attractions""]","[""Museums & Galleries"",""College Education""]","[""Postgraduate Education""]",[],"[""Trust"",""Transitional"",""Anticipation""]",[],[],,,,,,,,,,,,2026-04-22 15:47:15.158947
370b1b34-fb85-4160-9f10-e02a89c78f2c,608871,MOVIE,Hercules,Hercules,,4777.839743212575,4796.391609917601,,True,TV_G,608871,608871,Fantasy,"Greek,mythology,warrior,hero,heroic,Hercules,Zeus,combat,cartoon,​​Animation,​​Kids​​ & ​​Family","[""Genres"",""Attractions""]","[""Comedy"",""Documentary""]",[],"[""Documentary"",""Comedy""]","[""Trust"",""Anticipation""]",[],[],,,,,,,,,,,,2026-04-22 15:47:15.158947
2cd6ca9c-baa0-458e-b64f-e26e151046be,608871,MOVIE,Hercules,Hercules,,3149.779973179534,3172.4025732263112,,True,TV_G,608871,608871,Fantasy,"Greek,mythology,warrior,hero,heroic,Hercules,Zeus,combat,cartoon,​​Animation,​​Kids​​ & ​​Family","[""Genres"",""Attractions""]","[""Museums & Galleries"",""Comedy""]",[],"[""Comedy""]","[""Trust""]",[],[],,,,,,,,,,,,2026-04-22 15:47:15.158947
a42ff2a4-22b0-447b-82e0-294ee1116e5f,608871,MOVIE,Hercules,Hercules,,3559.756207360584,3579.2089740674737,,True,TV_G,608871,608871,Fantasy,"Greek,mythology,warrior,hero,heroic,Hercules,Zeus,combat,cartoon,​​Animation,​​Kids​​ & ​​Family","[""Genres"",""Attractions""]","[""Action/Adventure"",""Drama""]",[],"[""Action/Adventure"",""Drama""]","[""Trust"",""Anticipation""]",[],[],,,,,,,,,,,,2026-04-22 15:47:15.158947
4ec2acb7-b8d6-4181-8c6e-403024a281d8,608871,MOVIE,Hercules,Hercules,,4359.1548090135175,4373.202175709231,,True,TV_G,608871,608871,Fantasy,"Greek,mythology,warrior,hero,heroic,Hercules,Zeus,combat,cartoon,​​Animation,​​Kids​​ & ​​Family","[""Genres""]","[""Biographies"",""Comedy""]",[],"[""Comedy"",""Biographies""]","[""Anticipation"",""Trust""]",[],[],,,,,,,,,,,,2026-04-22 15:47:15.158947
c1b6f0bf-ee06-4956-9cff-f668bbc7340c,608871,MOVIE,Hercules,Hercules,,2792.389605773884,2818.282139160756,,True,TV_G,608871,608871,Fantasy,"Greek,mythology,warrior,hero,heroic,Hercules,Zeus,combat,cartoon,​​Animation,​​Kids​​ & ​​Family","[""Attractions"",""Genres""]","[""Museums & Galleries"",""Soap Opera""]",[],"[""Soap Opera""]","[""Joy"",""Trust"",""Anticipation""]",[],[],,,,,,,,,,,,2026-04-22 15:47:15.158947
9ab6b1c1-e6ba-4c00-a9e3-3dc53e57be3b,608871,MOVIE,Hercules,Hercules,,1619.7181033491258,1639.204236722751,,True,TV_G,608871,608871,Fantasy,"Greek,mythology,warrior,hero,heroic,Hercules,Zeus,combat,cartoon,​​Animation,​​Kids​​ & ​​Family","[""Hobbies & Interests"",""Genres""]","[""Animation & Anime""]",[],"[""Animation & Anime""]","[""Surprise""]",[],"[""Violence""]",,,,,,,,,,,,2026-04-22 15:47:15.158947
3806c661-b9b8-495e-a54c-a9025dc05780,608871,MOVIE,Hercules,Hercules,,1292.3243693388333,1307.0390693692593,,True,TV_G,608871,608871,Fantasy,"Greek,mythology,warrior,hero,heroic,Hercules,Zeus,combat,cartoon,​​Animation,​​Kids​​ & ​​Family","[""Genres""]","[""Soap Opera"",""Documentary"",""Comedy""]",[],"[""Documentary"",""Soap Opera"",""Comedy""]","[""Anticipation"",""Joy"",""Trust""]",[],"[""Violence"",""Graphic Violence""]",,,,detected,,,,,,,,2026-04-22 15:47:15.158947
e067162e-ef87-4554-ad30-b51330093824,608871,MOVIE,Hercules,Hercules,,2579.1098719995475,2595.125872032664,,True,TV_G,608871,608871,Fantasy,"Greek,mythology,warrior,hero,heroic,Hercules,Zeus,combat,cartoon,​​Animation,​​Kids​​ & ​​Family","[""Genres"",""Attractions""]","[""Drama"",""Comedy""]",[],"[""Comedy"",""Drama""]","[""Trust"",""Anticipation"",""Joy""]",[],"[""Non-Explicit Nudity of Intimate parts and Kissing""]",detected,,,,,,,,,,,2026-04-22 15:47:15.158947
b5d2ea69-341e-4e1c-b754-0433803ee5e4,608871,MOVIE,Hercules,Hercules,,4319.181542264198,4337.633308969017,,True,TV_G,608871,608871,Fantasy,"Greek,mythology,warrior,hero,heroic,Hercules,Zeus,combat,cartoon,​​Animation,​​Kids​​ & ​​Family","[""Genres""]","[""Comedy"",""Documentary"",""Animation & Anime""]",[],"[""Documentary"",""Comedy"",""Animation & Anime""]","[""Anticipation"",""Trust""]",[],[],,,,,,,,,,,,2026-04-22 15:47:15.158947
48699c8d-9dfa-4889-acfe-6efda4e809e8,608871,MOVIE,Hercules,Hercules,,4513.308809332265,4533.529009374075,,True,TV_G,608871,608871,Fantasy,"Greek,mythology,warrior,hero,heroic,Hercules,Zeus,combat,cartoon,​​Animation,​​Kids​​ & ​​Family","[""Attractions"",""Genres""]","[""Drama""]",[],"[""Drama""]","[""Anticipation""]",[],[],,,,,,,,,,,,2026-04-22 15:47:15.158947
aba88740-ea78-4483-b183-051ed52ff501,608871,MOVIE,Hercules,Hercules,,1219.7852358555094,1239.7051358966983,,True,TV_G,608871,608871,Fantasy,"Greek,mythology,warrior,hero,heroic,Hercules,Zeus,combat,cartoon,​​Animation,​​Kids​​ & ​​Family","[""Genres""]","[""Comedy"",""Documentary"",""Biographies""]",[],"[""Biographies"",""Comedy"",""Documentary""]","[""Anticipation"",""Trust""]",[],"[""Violence"",""Graphic Violence""]",,,,detected,,,,,,,,2026-04-22 15:47:15.158947
6b97699e-7b59-4c65-b22c-de45156bc2e5,608871,MOVIE,Hercules,Hercules,,3938.5346081437924,3959.2886748533724,,True,TV_G,608871,608871,Fantasy,"Greek,mythology,warrior,hero,heroic,Hercules,Zeus,combat,cartoon,​​Animation,​​Kids​​ & ​​Family","[""Attractions""]",[],[],[],"[""Informative"",""Trust""]",[],"[""Violence""]",,,,,,,,,,,,2026-04-22 15:47:15.158947
73d1df5a-7643-4e7e-8e24-340f31c2a165,608871,MOVIE,Hercules,Hercules,,3759.956207774542,3779.4757078149028,,True,TV_G,608871,608871,Fantasy,"Greek,mythology,warrior,hero,heroic,Hercules,Zeus,combat,cartoon,​​Animation,​​Kids​​ & ​​Family","[""Genres""]","[""Romance"",""Drama""]",[],"[""Drama"",""Romance""]","[""Anger"",""Conflict""]",[],"[""Harassment"",""Violence""]",,,,,,,,,,,,2026-04-22 15:47:15.158947
05b0fd2f-f93a-40c5-9ed1-6e5b1a0d19d6,608871,MOVIE,Hercules,Hercules,,5058.386677126001,5079.874810503766,,True,TV_G,608871,608871,Fantasy,"Greek,mythology,warrior,hero,heroic,Hercules,Zeus,combat,cartoon,​​Animation,​​Kids​​ & ​​Family","[""Genres""]","[""Fantasy"",""Documentary"",""Animation & Anime""]",[],"[""Fantasy"",""Animation & Anime"",""Documentary""]","[""Trust"",""Surprise"",""Anticipation""]",[],[],,,,,,,,,,,,2026-04-22 15:47:15.158947
e61d6eee-33ce-446a-97a9-15fff9aba79f,608871,MOVIE,Hercules,Hercules,,1412.444369587208,1436.9021363044467,,True,TV_G,608871,608871,Fantasy,"Greek,mythology,warrior,hero,heroic,Hercules,Zeus,combat,cartoon,​​Animation,​​Kids​​ & ​​Family","[""Attractions"",""Genres""]","[""Drama"",""Mystery""]",[],"[""Mystery"",""Drama""]","[""Trust"",""Fear"",""Anticipation""]",[],"[""Violence""]",,,,,,,,,,,,2026-04-22 15:47:15.158947
2ee08e59-93f2-436b-a0e3-a0ba03930d50,608871,MOVIE,Hercules,Hercules,,2977.84153949068,2997.160839530627,,True,TV_G,608871,608871,Fantasy,"Greek,mythology,warrior,hero,heroic,Hercules,Zeus,combat,cartoon,​​Animation,​​Kids​​ & ​​Family","[""Attractions""]","[""Outdoor Activities""]",[],[],"[""Transitional"",""Anticipation""]",[],[],,,,,,,,,,,,2026-04-22 15:47:15.158947
00595038-abac-4d24-a145-3d5656c75b4b,608871,MOVIE,Hercules,Hercules,,5098.460043875529,5117.312210581176,,True,TV_G,608871,608871,Fantasy,"Greek,mythology,warrior,hero,heroic,Hercules,Zeus,combat,cartoon,​​Animation,​​Kids​​ & ​​Family","[""Genres""]","[""Comedy"",""Biographies"",""Animation & Anime""]",[],"[""Biographies"",""Animation & Anime"",""Comedy""]","[""Anticipation"",""Trust""]",[],"[""Non-Explicit Nudity of Intimate parts and Kissing""]",detected,,,,,,,,,,,2026-04-22 15:47:15.158947
60cb68a3-c314-4f81-8042-3a855566cab2,608871,MOVIE,Hercules,Hercules,,1739.204136929523,1756.8884702994226,,True,TV_G,608871,608871,Fantasy,"Greek,mythology,warrior,hero,heroic,Hercules,Zeus,combat,cartoon,​​Animation,​​Kids​​ & ​​Family","[""Genres"",""Attractions""]","[""Outdoor Activities"",""Animation & Anime"",""Museums & Galleries""]",[],"[""Animation & Anime""]","[""Anticipation"",""Joy"",""Informative""]",[],[],,,,,,,,,,,,2026-04-22 15:47:15.158947
1af3cc5d-4aca-49dc-b8c3-760fc3edc4e8,608871,MOVIE,Hercules,Hercules,,1857.7559038413217,1877.8760038829244,,True,TV_G,608871,608871,Fantasy,"Greek,mythology,warrior,hero,heroic,Hercules,Zeus,combat,cartoon,​​Animation,​​Kids​​ & ​​Family","[""Attractions""]","[""Outdoor Activities""]",[],[],"[""Trust"",""Joy"",""Surprise""]",[],[],,,,,,,,,,,,2026-04-22 15:47:15.158947
1f455cf8-0a96-4d45-9553-b9ced24aa163,608871,MOVIE,Hercules,Hercules,,1699.397703513881,1714.7463702122845,,True,TV_G,608871,608871,Fantasy,"Greek,mythology,warrior,hero,heroic,Hercules,Zeus,combat,cartoon,​​Animation,​​Kids​​ & ​​Family","[""Genres"",""Attractions""]","[""Documentary"",""Comedy""]",[],"[""Documentary"",""Comedy""]","[""Fear"",""Surprise"",""Anticipation""]",[],[],,,,,,,,,,,,2026-04-22 15:47:15.158947
167ddcfb-dc5b-4b2d-b032-c4544ca0c097,608871,MOVIE,Hercules,Hercules,,4558.32044275867,4579.675109469492,,True,TV_G,608871,608871,Fantasy,"Greek,mythology,warrior,hero,heroic,Hercules,Zeus,combat,cartoon,​​Animation,​​Kids​​ & ​​Family","[""Attractions""]",[],[],[],"[""Trust"",""Anticipation""]",[],[],,,,,,,,,,,,2026-04-22 15:47:15.158947
435d959a-82c3-4bc4-9e2b-5e60f8d0b8ac,608871,MOVIE,Hercules,Hercules,,3579.2423407342094,3599.2289741088694,,True,TV_G,608871,608871,Fantasy,"Greek,mythology,warrior,hero,heroic,Hercules,Zeus,combat,cartoon,​​Animation,​​Kids​​ & ​​Family","[""Attractions""]","[""Outdoor Activities""]",[],[],"[""Trust"",""Anticipation""]",[],[],,,,,,,,,,,,2026-04-22 15:47:15.158947
f4cec8bc-3ad5-4326-8608-944ca1fc9346,608871,MOVIE,Hercules,Hercules,,2032.0967375351433,2057.5555042544515,,True,TV_G,608871,608871,Fantasy,"Greek,mythology,warrior,hero,heroic,Hercules,Zeus,combat,cartoon,​​Animation,​​Kids​​ & ​​Family","[""Genres""]","[""Documentary"",""Drama""]",[],"[""Documentary"",""Drama""]","[""Anticipation"",""Trust""]",[],[],,,,,,,,,,,,2026-04-22 15:47:15.158947
8fc5d65f-57bb-4492-848f-1aab6a6221ce,608871,MOVIE,Hercules,Hercules,,176.5764003651108,195.56203373770114,,True,TV_G,608871,608871,Fantasy,"Greek,mythology,warrior,hero,heroic,Hercules,Zeus,combat,cartoon,​​Animation,​​Kids​​ & ​​Family","[""Genres""]","[""Comedy"",""Family/Children"",""Documentary""]",[],"[""Family/Children"",""Documentary"",""Comedy""]","[""Anticipation"",""Trust""]",[],[],,,,,,,,,,,,2026-04-22 15:47:15.158947
177b61a3-f31e-49ce-8eea-9d58d76734c3,608871,MOVIE,Hercules,Hercules,,3378.20817365186,3396.1928070223807,,True,TV_G,608871,608871,Fantasy,"Greek,mythology,warrior,hero,heroic,Hercules,Zeus,combat,cartoon,​​Animation,​​Kids​​ & ​​Family","[""Attractions"",""War and Conflicts""]",[],[],[],[],[],[],,,,,,,,,,,,2026-04-22 15:47:15.158947
51eb9796-2a97-4b73-ad22-984c1804b2ef,608871,MOVIE,Hercules,Hercules,,4117.74697518102,4138.834708557957,,True,TV_G,608871,608871,Fantasy,"Greek,mythology,warrior,hero,heroic,Hercules,Zeus,combat,cartoon,​​Animation,​​Kids​​ & ​​Family","[""Genres"",""Attractions""]","[""Museums & Galleries"",""Drama""]",[],"[""Drama""]","[""Anticipation""]",[],[],,,,,,,,,,,,2026-04-22 15:47:15.158947
02e1c8a0-d345-4a30-bfeb-ab509fb1fdec,608871,MOVIE,Hercules,Hercules,,1279.5449359790757,1292.2910026720979,,True,TV_G,608871,608871,Fantasy,"Greek,mythology,warrior,hero,heroic,Hercules,Zeus,combat,cartoon,​​Animation,​​Kids​​ & ​​Family","[""Genres""]","[""Comedy"",""Soap Opera"",""Fantasy""]",[],"[""Soap Opera"",""Comedy"",""Fantasy""]","[""Anticipation"",""Joy""]",[],"[""Violence""]",,,,,,,,,,,,2026-04-22 15:47:15.158947
d6893bd7-3a79-4ac8-bace-7cdaad5c1afa,608871,MOVIE,Hercules,Hercules,,3711.4744410076287,3737.9675743957423,,True,TV_G,608871,608871,Fantasy,"Greek,mythology,warrior,hero,heroic,Hercules,Zeus,combat,cartoon,​​Animation,​​Kids​​ & ​​Family","[""Attractions""]","[""Outdoor Activities"",""Parks & Nature""]",[],[],"[""Anticipation"",""Transitional"",""Joy""]",[],[],,,,,,,,,,,,2026-04-22 15:47:15.158947
c2cdb9a5-9ddd-4eb3-b5b6-5422c6234a69,608871,MOVIE,Hercules,Hercules,,4992.954643657373,5015.744077037828,,True,TV_G,608871,608871,Fantasy,"Greek,mythology,warrior,hero,heroic,Hercules,Zeus,combat,cartoon,​​Animation,​​Kids​​ & ​​Family","[""Attractions"",""Genres""]","[""Romance"",""Family/Children"",""Museums & Galleries""]",[],"[""Family/Children"",""Romance""]","[""Trust"",""Informative"",""Anticipation""]",[],[],,,,,,,,,,,,2026-04-22 15:47:15.158947
352e540b-9db7-4d1d-b9e3-4acd6c7b0756,608871,MOVIE,Hercules,Hercules,,3879.909374689238,3897.026474724632,,True,TV_G,608871,608871,Fantasy,"Greek,mythology,warrior,hero,heroic,Hercules,Zeus,combat,cartoon,​​Animation,​​Kids​​ & ​​Family","[""Attractions""]","[""Museums & Galleries"",""Outdoor Activities""]",[],[],"[""Informative"",""Anticipation"",""Joy""]",[],[],,,,,,,,,,,,2026-04-22 15:47:15.158947
09860437-e34f-4a4e-b161-ebaac66d56fe,608871,MOVIE,Hercules,Hercules,,4274.536942171885,4298.193908887468,,True,TV_G,608871,608871,Fantasy,"Greek,mythology,warrior,hero,heroic,Hercules,Zeus,combat,cartoon,​​Animation,​​Kids​​ & ​​Family","[""Genres"",""Education""]","[""College Education"",""Fantasy"",""Comedy""]","[""College Planning""]","[""Fantasy"",""Comedy""]","[""Anticipation"",""Trust""]",[],"[""Explicit Nudity"",""Violence""]",detected,,,,,,,,,,,2026-04-22 15:47:15.158947
f10263ad-96c8-4b37-b573-8a2d91f1911d,608871,MOVIE,Hercules,Hercules,,2116.1807377090054,2138.66987108884,,True,TV_G,608871,608871,Fantasy,"Greek,mythology,warrior,hero,heroic,Hercules,Zeus,combat,cartoon,​​Animation,​​Kids​​ & ​​Family","[""Attractions"",""Genres""]","[""Outdoor Activities"",""Soap Opera""]",[],"[""Soap Opera""]","[""Joy"",""Anticipation""]",[],[],,,,,,,,,,,,2026-04-22 15:47:15.158947
46b4eae8-b8bb-4548-8ce9-8cb7d54a93f6,608871,MOVIE,Hercules,Hercules,,3919.5823414379374,3938.5012414770567,,True,TV_G,608871,608871,Fantasy,"Greek,mythology,warrior,hero,heroic,Hercules,Zeus,combat,cartoon,​​Animation,​​Kids​​ & ​​Family","[""Attractions"",""Genres""]","[""Outdoor Activities"",""Soap Opera""]",[],"[""Soap Opera""]","[""Transitional"",""Anticipation"",""Trust""]",[],[],,,,,,,,,,,,2026-04-22 15:47:15.158947
1c7cde21-3be0-4e66-b82b-2cb044d321b6,608871,MOVIE,Hercules,Hercules,,4390.986609079337,4418.71430913667,,True,TV_G,608871,608871,Fantasy,"Greek,mythology,warrior,hero,heroic,Hercules,Zeus,combat,cartoon,​​Animation,​​Kids​​ & ​​Family","[""Genres""]","[""Animation & Anime"",""Drama"",""Biographies""]",[],"[""Drama"",""Animation & Anime"",""Biographies""]","[""Anger"",""Trust"",""Anticipation""]",[],"[""Harassment/threatening"",""Harassment_threatening"",""Violence"",""Harassment""]",,,,,,,,,,,,2026-04-22 15:47:15.158947
37282f9a-c7ee-4fbc-9c4d-9129b103ee72,608871,MOVIE,Hercules,Hercules,,2218.3161045868596,2235.2663712885746,,True,TV_G,608871,608871,Fantasy,"Greek,mythology,warrior,hero,heroic,Hercules,Zeus,combat,cartoon,​​Animation,​​Kids​​ & ​​Family","[""Genres"",""Attractions""]","[""Soap Opera"",""Outdoor Activities""]",[],"[""Soap Opera""]","[""Anticipation"",""Sadness""]",[],"[""Violence""]",,,,,,,,,,,,2026-04-22 15:47:15.158947
38b2ba6f-3402-4e1b-9ad3-bc7872e6ce67,608871,MOVIE,Hercules,Hercules,,2538.50263858225,2556.5540052862416,,True,TV_G,608871,608871,Fantasy,"Greek,mythology,warrior,hero,heroic,Hercules,Zeus,combat,cartoon,​​Animation,​​Kids​​ & ​​Family","[""Genres""]","[""Romance"",""Drama"",""Animation & Anime""]",[],"[""Drama"",""Romance"",""Animation & Anime""]","[""Fear"",""Surprise""]",[],"[""Violence""]",,,,,,,,,,,,2026-04-22 15:47:15.158947
788e8c84-a576-483e-b396-ba38e114e472,608871,MOVIE,Hercules,Hercules,,4459.45500922091,4479.475009262306,,True,TV_G,608871,608871,Fantasy,"Greek,mythology,warrior,hero,heroic,Hercules,Zeus,combat,cartoon,​​Animation,​​Kids​​ & ​​Family","[""Attractions"",""Genres""]","[""Drama"",""Mystery""]",[],"[""Drama"",""Mystery""]","[""Surprise"",""Conflict"",""Anger""]",[],"[""Graphic Violence"",""Harassment"",""Weapons"",""Violence""]",,detected,,detected,,,,,,,,2026-04-22 15:47:15.158947
68df4407-3d85-4ce2-a537-d759545decbb,608871,MOVIE,Hercules,Hercules,,1379.3446361854337,1398.830769559059,,True,TV_G,608871,608871,Fantasy,"Greek,mythology,warrior,hero,heroic,Hercules,Zeus,combat,cartoon,​​Animation,​​Kids​​ & ​​Family","[""Education"",""Attractions""]","[""College Education"",""Museums & Galleries""]","[""Postgraduate Education""]",[],"[""Trust"",""Anticipation"",""Joy""]",[],[],,,,,,,,,,,,2026-04-22 15:47:15.158947
8642c5c1-e32d-4f25-b40b-8f1a3f60351f,608871,MOVIE,Hercules,Hercules,,396.2291674859582,416.1157008604113,,True,TV_G,608871,608871,Fantasy,"Greek,mythology,warrior,hero,heroic,Hercules,Zeus,combat,cartoon,​​Animation,​​Kids​​ & ​​Family","[""Attractions"",""Family and Relationships""]","[""Historic Site and Landmark Tours""]",[],[],"[""Trust"",""Sadness""]",[],[],,,,,,,,,,,,2026-04-22 15:47:15.158947
62709b6d-36db-492d-8f2c-12f6217a15bc,608871,MOVIE,Hercules,Hercules,,3995.424774928092,4019.315308310824,,True,TV_G,608871,608871,Fantasy,"Greek,mythology,warrior,hero,heroic,Hercules,Zeus,combat,cartoon,​​Animation,​​Kids​​ & ​​Family","[""Genres"",""Attractions""]","[""Drama"",""Animation & Anime""]",[],"[""Animation & Anime"",""Drama""]","[""Anticipation"",""Trust"",""Joy""]",[],"[""Violence""]",,,,,,,,,,,,2026-04-22 15:47:15.158947
7f380a7b-e791-4140-a87b-8ee3c2f8bc97,608871,MOVIE,Hercules,Hercules,,479.01186765712976,497.36353436174255,,True,TV_G,608871,608871,Fantasy,"Greek,mythology,warrior,hero,heroic,Hercules,Zeus,combat,cartoon,​​Animation,​​Kids​​ & ​​Family","[""Genres""]","[""Biographies"",""Comedy""]",[],"[""Biographies"",""Comedy""]","[""Sadness"",""Trust""]",[],[],,,,,,,,,,,,2026-04-22 15:47:15.158947
584aa6af-6ebd-4304-b627-e98f4767e213,608871,MOVIE,Hercules,Hercules,,3019.1494729094265,3039.6366062851216,,True,TV_G,608871,608871,Fantasy,"Greek,mythology,warrior,hero,heroic,Hercules,Zeus,combat,cartoon,​​Animation,​​Kids​​ & ​​Family","[""Attractions""]","[""Outdoor Activities""]",[],[],"[""Transitional""]",[],[],,,,,,,,,,,,2026-04-22 15:47:15.158947
d86a6a9b-c0b1-4012-9833-326024bd3a9a,608871,MOVIE,Hercules,Hercules,,1497.6294697633473,1518.5503698066059,,True,TV_G,608871,608871,Fantasy,"Greek,mythology,warrior,hero,heroic,Hercules,Zeus,combat,cartoon,​​Animation,​​Kids​​ & ​​Family","[""Attractions""]","[""Outdoor Activities""]",[],[],"[""Anticipation""]",[],[],,,,,,,,,,,,2026-04-22 15:47:15.158947
03c28651-2329-4e90-820e-862fcde93f35,608871,MOVIE,Hercules,Hercules,,599.9326679071603,619.7858346148778,,True,TV_G,608871,608871,Fantasy,"Greek,mythology,warrior,hero,heroic,Hercules,Zeus,combat,cartoon,​​Animation,​​Kids​​ & ​​Family","[""Attractions"",""Travel""]",[],[],[],"[""Anticipation"",""Trust""]",[],[],,,,,,,,,,,,2026-04-22 15:47:15.158947
53ad16c7-83de-486f-9abe-fbb8074181b3,608871,MOVIE,Hercules,Hercules,,3779.5090744816384,3798.9952078552637,,True,TV_G,608871,608871,Fantasy,"Greek,mythology,warrior,hero,heroic,Hercules,Zeus,combat,cartoon,​​Animation,​​Kids​​ & ​​Family","[""Attractions""]","[""Bars & Restaurants"",""Theater Venues""]",[],[],"[""Surprise""]",[],"[""Weapons"",""Graphic Violence""]",,detected,,detected,,,,,,,,2026-04-22 15:47:15.158947
38b7a92f-9367-4e84-9f97-09f3c8099451,608871,MOVIE,Hercules,Hercules,,4439.835409180343,4459.421642554175,,True,TV_G,608871,608871,Fantasy,"Greek,mythology,warrior,hero,heroic,Hercules,Zeus,combat,cartoon,​​Animation,​​Kids​​ & ​​Family","[""Genres"",""War and Conflicts"",""Attractions""]","[""Drama""]",[],"[""Drama""]","[""Conflict"",""Anger"",""Surprise"",""Trust""]",[],[],,,,,,,,,,,,2026-04-22 15:47:15.158947
9b71b47d-f578-46ea-b6d7-1214ab28ff11,608871,MOVIE,Hercules,Hercules,,797.6301683159436,819.2184016939154,,True,TV_G,608871,608871,Fantasy,"Greek,mythology,warrior,hero,heroic,Hercules,Zeus,combat,cartoon,​​Animation,​​Kids​​ & ​​Family","[""Genres""]","[""Biographies"",""Mystery"",""Comedy""]",[],"[""Mystery"",""Comedy"",""Biographies""]","[""Anticipation"",""Trust""]",[],"[""Explicit Nudity"",""Explicit Sexual Activity""]",detected,,,,,,,,,,,2026-04-22 15:47:15.158947
4c38cbba-026b-4a33-9679-0f8712b5d118,608871,MOVIE,Hercules,Hercules,,2277.8422380432767,2296.2606380813604,,True,TV_G,608871,608871,Fantasy,"Greek,mythology,warrior,hero,heroic,Hercules,Zeus,combat,cartoon,​​Animation,​​Kids​​ & ​​Family","[""Genres""]","[""Comedy"",""Family/Children"",""Soap Opera""]",[],"[""Family/Children"",""Soap Opera"",""Comedy""]","[""Anticipation"",""Transitional"",""Trust""]",[],[],,,,,,,,,,,,2026-04-22 15:47:15.158947
a0cd8ea8-f902-40e1-ba00-ae915cd549c1,608871,MOVIE,Hercules,Hercules,,3479.075607193759,3499.36254056904,,True,TV_G,608871,608871,Fantasy,"Greek,mythology,warrior,hero,heroic,Hercules,Zeus,combat,cartoon,​​Animation,​​Kids​​ & ​​Family","[""Attractions""]","[""Outdoor Activities""]",[],[],"[""Trust"",""Anticipation""]",[],[],,,,,,,,,,,,2026-04-22 15:47:15.158947
7e127043-fc27-4099-9ae3-5a83e6bc296b,608871,MOVIE,Hercules,Hercules,,619.8192012816135,634.567267978775,,True,TV_G,608871,608871,Fantasy,"Greek,mythology,warrior,hero,heroic,Hercules,Zeus,combat,cartoon,​​Animation,​​Kids​​ & ​​Family","[""Attractions""]","[""Museums & Galleries""]",[],[],"[""Anger"",""Informative""]",[],"[""Explicit Sexual Activity"",""Explicit Nudity"",""Violence""]",detected,,,,,,,,,,,2026-04-22 15:47:15.158947
f14b7374-2a59-440e-a6a5-80257f5f572a,608871,MOVIE,Hercules,Hercules,,4978.106476960004,4992.921276990637,,True,TV_G,608871,608871,Fantasy,"Greek,mythology,warrior,hero,heroic,Hercules,Zeus,combat,cartoon,​​Animation,​​Kids​​ & ​​Family","[""Attractions""]","[""Museums & Galleries""]",[],[],"[""Trust"",""Anticipation""]",[],[],,,,,,,,,,,,2026-04-22 15:47:15.158947
d4cf5193-9772-43dc-84a9-67fae764f079,608871,MOVIE,Hercules,Hercules,,4373.235542375966,4390.953242412601,,True,TV_G,608871,608871,Fantasy,"Greek,mythology,warrior,hero,heroic,Hercules,Zeus,combat,cartoon,​​Animation,​​Kids​​ & ​​Family","[""Genres"",""Family and Relationships""]","[""Animation & Anime""]",[],"[""Animation & Anime""]","[""Anticipation"",""Trust""]",[],[],,,,,,,,,,,,2026-04-22 15:47:15.158947
c4df2a3a-fb17-4687-8f3b-ea23b110e94b,608871,MOVIE,Hercules,Hercules,,5218.880344124524,5238.0995441642635,,True,TV_G,608871,608871,Fantasy,"Greek,mythology,warrior,hero,heroic,Hercules,Zeus,combat,cartoon,​​Animation,​​Kids​​ & ​​Family","[""Genres""]","[""Comedy"",""Biographies"",""Documentary""]",[],"[""Comedy"",""Biographies"",""Documentary""]","[""Joy"",""Trust"",""Anticipation""]",[],"[""Non-Explicit Nudity of Intimate parts and Kissing""]",detected,,,,,,,,,,,2026-04-22 15:47:15.158947
b3fafd7f-6251-4f31-8b93-bbfb8aaee2d1,608871,MOVIE,Hercules,Hercules,,2479.910771794431,2498.5293718329294,,True,TV_G,608871,608871,Fantasy,"Greek,mythology,warrior,hero,heroic,Hercules,Zeus,combat,cartoon,​​Animation,​​Kids​​ & ​​Family","[""Genres"",""Attractions""]","[""Outdoor Activities"",""Animation & Anime""]",[],"[""Animation & Anime""]","[""Anticipation"",""Joy"",""Trust""]",[],"[""Non-Explicit Nudity of Intimate parts and Kissing""]",detected,,,,,,,,,,,2026-04-22 15:47:15.158947
6c83264e-a696-4367-9d2d-e9c597dd3d1a,608871,MOVIE,Hercules,Hercules,,1357.3893694733697,1379.311269518698,,True,TV_G,608871,608871,Fantasy,"Greek,mythology,warrior,hero,heroic,Hercules,Zeus,combat,cartoon,​​Animation,​​Kids​​ & ​​Family","[""Attractions"",""Genres""]","[""Comedy"",""Outdoor Activities""]",[],"[""Comedy""]","[""Trust"",""Transitional"",""Joy""]",[],[],,,,,,,,,,,,2026-04-22 15:47:15.158947
26265d92-7057-40ce-b445-db3a34be1e6b,608871,MOVIE,Hercules,Hercules,,976.8759020199072,999.3650353997418,,True,TV_G,608871,608871,Fantasy,"Greek,mythology,warrior,hero,heroic,Hercules,Zeus,combat,cartoon,​​Animation,​​Kids​​ & ​​Family","[""Books and Literature"",""Attractions"",""Genres""]","[""Museums & Galleries"",""Comedy""]",[],"[""Comedy""]","[""Trust"",""Anticipation"",""Joy""]",[],"[""Violence""]",,,,,,,,,,,,2026-04-22 15:47:15.158947
55d829ae-d81c-4bf5-82ea-746ab0b070b1,608871,MOVIE,Hercules,Hercules,,3959.322041520108,3973.0357415484646,,True,TV_G,608871,608871,Fantasy,"Greek,mythology,warrior,hero,heroic,Hercules,Zeus,combat,cartoon,​​Animation,​​Kids​​ & ​​Family","[""Genres""]","[""Animation & Anime"",""Family/Children"",""Comedy""]",[],"[""Family/Children"",""Comedy"",""Animation & Anime""]","[""Joy"",""Anticipation"",""Transitional""]",[],[],,,,,,,,,,,,2026-04-22 15:47:15.158947
e2c16d77-715a-4660-87ff-248d7092cc10,608871,MOVIE,Hercules,Hercules,,195.5954004044368,216.64976711463802,,True,TV_G,608871,608871,Fantasy,"Greek,mythology,warrior,hero,heroic,Hercules,Zeus,combat,cartoon,​​Animation,​​Kids​​ & ​​Family","[""Attractions"",""Genres""]","[""Animation & Anime""]",[],"[""Animation & Anime""]","[""Anticipation"",""Joy"",""Trust""]",[],[],,,,,,,,,,,,2026-04-22 15:47:15.158947
40d45eb6-9b1a-4fe2-aeb3-f16cbbf5dc63,608871,MOVIE,Hercules,Hercules,,5295.823877616955,5304.966344302526,,True,TV_G,608871,608871,Fantasy,"Greek,mythology,warrior,hero,heroic,Hercules,Zeus,combat,cartoon,​​Animation,​​Kids​​ & ​​Family",[],[],[],[],"[""Transitional""]",[],[],,,,,,,,,,,,2026-04-22 15:47:15.158947
9998e039-cd97-40cc-9234-f46f63e0dc96,608871,MOVIE,Hercules,Hercules,,4756.551809835224,4777.806376545839,,True,TV_G,608871,608871,Fantasy,"Greek,mythology,warrior,hero,heroic,Hercules,Zeus,combat,cartoon,​​Animation,​​Kids​​ & ​​Family","[""Pop Culture"",""Attractions""]","[""Museums & Galleries""]",[],[],"[""Sadness"",""Anticipation"",""Trust""]",[],[],,,,,,,,,,,,2026-04-22 15:47:15.158947
2666c8b0-3514-471a-b94d-161b5655da8c,608871,MOVIE,Hercules,Hercules,,3599.262340775605,3615.7121074762854,,True,TV_G,608871,608871,Fantasy,"Greek,mythology,warrior,hero,heroic,Hercules,Zeus,combat,cartoon,​​Animation,​​Kids​​ & ​​Family","[""Attractions""]","[""Outdoor Activities""]",[],[],"[""Joy"",""Anticipation""]",[],[],,,,,,,,,,,,2026-04-22 15:47:15.158947
334af12c-b054-45b3-b3c9-e2a714cb7ce9,608871,MOVIE,Hercules,Hercules,,3857.7539079767603,3879.876008022503,,True,TV_G,608871,608871,Fantasy,"Greek,mythology,warrior,hero,heroic,Hercules,Zeus,combat,cartoon,​​Animation,​​Kids​​ & ​​Family","[""Attractions""]","[""Outdoor Activities""]",[],[],"[""Trust"",""Anticipation""]",[],[],,,,,,,,,,,,2026-04-22 15:47:15.158947
8a034f4b-077d-4b8a-a6b3-9b94aadbc760,608871,MOVIE,Hercules,Hercules,,4639.267976259381,4654.750109624726,,True,TV_G,608871,608871,Fantasy,"Greek,mythology,warrior,hero,heroic,Hercules,Zeus,combat,cartoon,​​Animation,​​Kids​​ & ​​Family","[""Travel"",""Attractions""]",[],[],[],"[""Joy"",""Anticipation""]",[],[],,,,,,,,,,,,2026-04-22 15:47:15.158947
d1e14655-e5c4-45d3-9bbf-0afd819de35c,608871,MOVIE,Hercules,Hercules,,5136.831710621537,5156.951810663139,,True,TV_G,608871,608871,Fantasy,"Greek,mythology,warrior,hero,heroic,Hercules,Zeus,combat,cartoon,​​Animation,​​Kids​​ & ​​Family","[""Attractions"",""Genres""]","[""Soap Opera""]",[],"[""Soap Opera""]","[""Anticipation"",""Transitional"",""Joy""]",[],[],,,,,,,,,,,,2026-04-22 15:47:15.158947
65dad89d-96d4-4371-aa94-61f944a101bf,608871,MOVIE,Hercules,Hercules,,1936.0007373364435,1955.0197373757694,,True,TV_G,608871,608871,Fantasy,"Greek,mythology,warrior,hero,heroic,Hercules,Zeus,combat,cartoon,​​Animation,​​Kids​​ & ​​Family","[""Genres"",""Attractions""]","[""Outdoor Activities"",""Comedy""]",[],"[""Comedy""]","[""Trust"",""Joy"",""Anticipation""]",[],[],,,,,,,,,,,,2026-04-22 15:47:15.158947
18003f04-e484-4557-80ae-15f7c3a3d33e,608871,MOVIE,Hercules,Hercules,,4617.779842881616,4639.234609592645,,True,TV_G,608871,608871,Fantasy,"Greek,mythology,warrior,hero,heroic,Hercules,Zeus,combat,cartoon,​​Animation,​​Kids​​ & ​​Family","[""Attractions"",""Genres""]","[""Romance"",""Animation & Anime""]",[],"[""Animation & Anime"",""Romance""]","[""Trust"",""Joy"",""Anticipation""]",[],"[""Non-Explicit Nudity of Intimate parts and Kissing""]",detected,,,,,,,,,,,2026-04-22 15:47:15.158947
403cd3c1-4a55-4b02-9a7b-4bf08d5b3d89,608871,MOVIE,Hercules,Hercules,,634.6006346455107,659.2252346964275,,True,TV_G,608871,608871,Fantasy,"Greek,mythology,warrior,hero,heroic,Hercules,Zeus,combat,cartoon,​​Animation,​​Kids​​ & ​​Family","[""Attractions"",""Genres""]","[""Documentary"",""Family/Children"",""Museums & Galleries""]",[],"[""Family/Children"",""Documentary""]","[""Anticipation"",""Trust""]",[],[],,,,,,,,,,,,2026-04-22 15:47:15.158947
a99d083b-8b88-413c-999a-c691f538a2ef,608871,MOVIE,Hercules,Hercules,,0.0,17.65096670316395,,True,TV_G,608871,608871,Fantasy,"Greek,mythology,warrior,hero,heroic,Hercules,Zeus,combat,cartoon,​​Animation,​​Kids​​ & ​​Family","[""Attractions"",""Genres""]","[""Animation & Anime""]",[],"[""Animation & Anime""]","[""Transitional"",""Trust"",""Joy""]",[],[],,,,,,,,,,,,2026-04-22 15:47:15.158947
7f4eaeac-a5d6-42c7-875a-ad140ccf07e4,608871,MOVIE,Hercules,Hercules,,4255.150908798467,4274.5035755051495,,True,TV_G,608871,608871,Fantasy,"Greek,mythology,warrior,hero,heroic,Hercules,Zeus,combat,cartoon,​​Animation,​​Kids​​ & ​​Family","[""Genres""]","[""Documentary"",""Comedy""]",[],"[""Documentary"",""Comedy""]","[""Anticipation""]",[],[],,,,,,,,,,,,2026-04-22 15:47:15.158947
c1dc6ead-4721-4a63-a4e4-86a4eeee59ad,608871,MOVIE,Hercules,Hercules,,3678.975307607096,3698.761740981342,,True,TV_G,608871,608871,Fantasy,"Greek,mythology,warrior,hero,heroic,Hercules,Zeus,combat,cartoon,​​Animation,​​Kids​​ & ​​Family","[""Attractions"",""Travel"",""Genres""]","[""Animation & Anime""]",[],"[""Animation & Anime""]","[""Trust"",""Joy"",""Anticipation""]",[],[],,,,,,,,,,,,2026-04-22 15:47:15.158947
4bcd8da0-6970-492c-99d8-ca9addab559f,608871,MOVIE,Hercules,Hercules,,3513.710207265374,3538.201340649348,,True,TV_G,608871,608871,Fantasy,"Greek,mythology,warrior,hero,heroic,Hercules,Zeus,combat,cartoon,​​Animation,​​Kids​​ & ​​Family","[""Genres"",""Attractions""]","[""Documentary""]",[],"[""Documentary""]","[""Anticipation"",""Trust""]",[],[],,,,,,,,,,,,2026-04-22 15:47:15.158947
dc4cd69d-77bc-463d-a08b-f41bef47734f,608871,MOVIE,Hercules,Hercules,,3310.740773512356,3331.16117355458,,True,TV_G,608871,608871,Fantasy,"Greek,mythology,warrior,hero,heroic,Hercules,Zeus,combat,cartoon,​​Animation,​​Kids​​ & ​​Family","[""Attractions"",""Travel""]","[""Outdoor Activities""]",[],[],"[""Trust"",""Anticipation""]",[],"[""Violence""]",,,,,,,,,,,,2026-04-22 15:47:15.158947
a5b3d8c7-1e00-4e51-b82c-563e933a0d8a,608871,MOVIE,Hercules,Hercules,,2699.029672247508,2716.08003894943,,True,TV_G,608871,608871,Fantasy,"Greek,mythology,warrior,hero,heroic,Hercules,Zeus,combat,cartoon,​​Animation,​​Kids​​ & ​​Family","[""Attractions"",""Books and Literature""]","[""Historic Site and Landmark Tours""]",[],[],"[""Anticipation"",""Trust""]",[],[],,,,,,,,,,,,2026-04-22 15:47:15.158947
5c86a0f2-cb45-4334-9848-b6f5dc6cc863,608871,MOVIE,Hercules,Hercules,,1099.832068940813,1113.84606896979,,True,TV_G,608871,608871,Fantasy,"Greek,mythology,warrior,hero,heroic,Hercules,Zeus,combat,cartoon,​​Animation,​​Kids​​ & ​​Family","[""Personal Celebrations & Life Events"",""Attractions""]","[""Wedding""]",[],[],"[""Trust"",""Joy""]",[],[],,,,,,,,,,,,2026-04-22 15:47:15.158947
2bcb5e43-7d36-4be9-931b-bf468df2d0e9,608871,MOVIE,Hercules,Hercules,,2259.1902713380427,2277.808871376541,,True,TV_G,608871,608871,Fantasy,"Greek,mythology,warrior,hero,heroic,Hercules,Zeus,combat,cartoon,​​Animation,​​Kids​​ & ​​Family","[""Genres""]","[""Comedy"",""Mystery""]",[],"[""Mystery"",""Comedy""]","[""Anticipation"",""Trust""]",[],"[""Violence""]",,,,,,,,,,,,2026-04-22 15:47:15.158947
86d31833-6410-4e54-bd8f-fae95511b0dd,608871,MOVIE,Hercules,Hercules,,4499.595109303909,4513.275442665529,,True,TV_G,608871,608871,Fantasy,"Greek,mythology,warrior,hero,heroic,Hercules,Zeus,combat,cartoon,​​Animation,​​Kids​​ & ​​Family","[""Genres""]","[""Animation & Anime"",""Drama"",""Documentary""]",[],"[""Documentary"",""Drama"",""Animation & Anime""]","[""Surprise"",""Anticipation""]",[],"[""Violence""]",,,,,,,,,,,,2026-04-22 15:47:15.158947
11f867a4-f34f-4f99-aa41-4a4372b1d2ba,608871,MOVIE,Hercules,Hercules,,5360.621944417606,5373.568211111042,,True,TV_G,608871,608871,Fantasy,"Greek,mythology,warrior,hero,heroic,Hercules,Zeus,combat,cartoon,​​Animation,​​Kids​​ & ​​Family","[""Entertainment"",""Genres""]","[""Television"",""Documentary""]",[],"[""Documentary""]","[""Informative"",""Transitional"",""Anticipation""]",[],[],,,,,,,,,,,,2026-04-22 15:47:15.158947
ed69a54b-1bda-458a-8528-00afe6ddf5d0,608871,MOVIE,Hercules,Hercules,,3118.4153064480142,3138.0682731553175,,True,TV_G,608871,608871,Fantasy,"Greek,mythology,warrior,hero,heroic,Hercules,Zeus,combat,cartoon,​​Animation,​​Kids​​ & ​​Family","[""Genres""]","[""Comedy"",""Documentary""]",[],"[""Comedy"",""Documentary""]","[""Surprise""]",[],[],,,,,,,,,,,,2026-04-22 15:47:15.158947
f725901b-d8dd-44bf-a7d9-11eb6797b332,608871,MOVIE,Hercules,Hercules,,858.3241351081085,879.445235151781,,True,TV_G,608871,608871,Fantasy,"Greek,mythology,warrior,hero,heroic,Hercules,Zeus,combat,cartoon,​​Animation,​​Kids​​ & ​​Family","[""Genres""]","[""Drama"",""Comedy""]",[],"[""Drama"",""Comedy""]","[""Anticipation"",""Anger""]",[],"[""Explicit Nudity"",""Harassment""]",detected,,,,,,,,,,,2026-04-22 15:47:15.158947
92fcd18d-7c96-4811-bfc8-8c6764aa5e94,608871,MOVIE,Hercules,Hercules,,939.3384019422901,959.5252353173641,,True,TV_G,608871,608871,Fantasy,"Greek,mythology,warrior,hero,heroic,Hercules,Zeus,combat,cartoon,​​Animation,​​Kids​​ & ​​Family","[""Healthy Living"",""Attractions""]","[""Fitness and Exercise"",""Outdoor Activities""]",[],[],"[""Anticipation"",""Trust"",""Joy""]",[],"[""Graphic Violence"",""Weapons""]",,detected,,detected,,,,,,,,2026-04-22 15:47:15.158947
494ae27e-715e-4e2d-8b3d-c94e9d5001ad,608871,MOVIE,Hercules,Hercules,,1896.9617372557218,1915.9140039615763,,True,TV_G,608871,608871,Fantasy,"Greek,mythology,warrior,hero,heroic,Hercules,Zeus,combat,cartoon,​​Animation,​​Kids​​ & ​​Family","[""Science"",""Attractions"",""Genres""]","[""Outdoor Activities"",""Family/Children""]",[],"[""Family/Children""]","[""Anticipation"",""Transitional""]",[],[],,,,,,,,,,,,2026-04-22 15:47:15.158947
69d96bd5-a415-4114-a5ff-b7b6cef857f0,608871,MOVIE,Hercules,Hercules,,3172.435939893047,3196.3932066092507,,True,TV_G,608871,608871,Fantasy,"Greek,mythology,warrior,hero,heroic,Hercules,Zeus,combat,cartoon,​​Animation,​​Kids​​ & ​​Family","[""Attractions"",""Genres""]","[""Museums & Galleries"",""Comedy""]",[],"[""Comedy""]","[""Trust"",""Informative""]",[],"[""Violence""]",,,,,,,,,,,,2026-04-22 15:47:15.158947
6ade0cc1-68f4-4cb1-8595-7f2f794178ae,608871,MOVIE,Hercules,Hercules,,4718.613909756779,4739.301243132888,,True,TV_G,608871,608871,Fantasy,"Greek,mythology,warrior,hero,heroic,Hercules,Zeus,combat,cartoon,​​Animation,​​Kids​​ & ​​Family","[""Genres""]","[""Comedy"",""Documentary"",""Biographies""]",[],"[""Biographies"",""Comedy"",""Documentary""]","[""Anticipation"",""Trust""]",[],[],,,,,,,,,,,,2026-04-22 15:47:15.158947
1106becf-7faa-4129-a76a-27285d6abd7f,608871,MOVIE,Hercules,Hercules,,1436.9355029711824,1459.7583030183735,,True,TV_G,608871,608871,Fantasy,"Greek,mythology,warrior,hero,heroic,Hercules,Zeus,combat,cartoon,​​Animation,​​Kids​​ & ​​Family","[""Attractions"",""Genres""]","[""Comedy"",""Fantasy""]",[],"[""Comedy"",""Fantasy""]","[""Anticipation"",""Sadness""]",[],[],,,,,,,,,,,,2026-04-22 15:47:15.158947
9bc6add3-884c-495c-957e-9fb16d23ff8c,608871,MOVIE,Hercules,Hercules,,4579.708476136228,4599.628376177417,,True,TV_G,608871,608871,Fantasy,"Greek,mythology,warrior,hero,heroic,Hercules,Zeus,combat,cartoon,​​Animation,​​Kids​​ & ​​Family","[""Attractions""]","[""Outdoor Activities""]",[],[],"[""Anticipation"",""Transitional""]",[],"[""Graphic Violence"",""Weapons""]",,detected,,detected,,,,,,,,2026-04-22 15:47:15.158947
5d29b7ee-c93b-4e47-ab13-8223581850d7,608871,MOVIE,Hercules,Hercules,,2517.2147052048986,2538.469271915514,,True,TV_G,608871,608871,Fantasy,"Greek,mythology,warrior,hero,heroic,Hercules,Zeus,combat,cartoon,​​Animation,​​Kids​​ & ​​Family","[""Genres"",""Attractions""]","[""Outdoor Activities"",""Comedy""]",[],"[""Comedy""]","[""Anticipation"",""Transitional""]",[],[],,,,,,,,,,,,2026-04-22 15:47:15.158947
bf370038-6a79-40db-8c4f-25c6af82a6d8,608871,MOVIE,Hercules,Hercules,,1658.723736763112,1677.642636802231,,True,TV_G,608871,608871,Fantasy,"Greek,mythology,warrior,hero,heroic,Hercules,Zeus,combat,cartoon,​​Animation,​​Kids​​ & ​​Family","[""Genres"",""Attractions""]","[""Family/Children"",""Animation & Anime""]",[],"[""Family/Children"",""Animation & Anime""]","[""Surprise"",""Trust"",""Joy""]",[],[],,,,,,,,,,,,2026-04-22 15:47:15.158947
c4dfdadf-1b3c-46c3-b5da-5c9716ec5e83,608871,MOVIE,Hercules,Hercules,,2337.6353048335786,2359.523838212171,,True,TV_G,608871,608871,Fantasy,"Greek,mythology,warrior,hero,heroic,Hercules,Zeus,combat,cartoon,​​Animation,​​Kids​​ & ​​Family","[""Attractions"",""Genres""]","[""Outdoor Activities"",""Animation & Anime""]",[],"[""Animation & Anime""]","[""Anticipation"",""Surprise""]",[],[],,,,,,,,,,,,2026-04-22 15:47:15.158947
59509e2d-34c8-40d7-b081-3cc87b6791e5,608871,MOVIE,Hercules,Hercules,,4739.334609799624,4756.518443168488,,True,TV_G,608871,608871,Fantasy,"Greek,mythology,warrior,hero,heroic,Hercules,Zeus,combat,cartoon,​​Animation,​​Kids​​ & ​​Family","[""Genres"",""Attractions""]","[""Documentary""]",[],"[""Documentary""]","[""Transitional"",""Anticipation""]",[],[],,,,,,,,,,,,2026-04-22 15:47:15.158947
46005b0a-7b4a-4d8b-8808-16c62ba5ddfe,608871,MOVIE,Hercules,Hercules,,4796.424976584337,4819.781643299299,,True,TV_G,608871,608871,Fantasy,"Greek,mythology,warrior,hero,heroic,Hercules,Zeus,combat,cartoon,​​Animation,​​Kids​​ & ​​Family","[""Attractions"",""Genres""]","[""Comedy""]",[],"[""Comedy""]","[""Anticipation""]",[],"[""Violence""]",,,,,,,,,,,,2026-04-22 15:47:15.158947
b2d1643c-63df-49f7-a70a-945c2d04926b,608871,MOVIE,Hercules,Hercules,,4234.897342089921,4255.117542131731,,True,TV_G,608871,608871,Fantasy,"Greek,mythology,warrior,hero,heroic,Hercules,Zeus,combat,cartoon,​​Animation,​​Kids​​ & ​​Family","[""Attractions""]","[""Museums & Galleries""]",[],[],"[""Anticipation"",""Trust"",""Joy""]",[],[],,,,,,,,,,,,2026-04-22 15:47:15.158947
cbe6177f-c2af-42cb-8d6b-90e00a1372b6,608871,MOVIE,Hercules,Hercules,,277.5773005739525,298.69840061762505,,True,TV_G,608871,608871,Fantasy,"Greek,mythology,warrior,hero,heroic,Hercules,Zeus,combat,cartoon,​​Animation,​​Kids​​ & ​​Family","[""Books and Literature"",""Hobbies & Interests"",""Attractions""]","[""Museums & Galleries"",""Fiction""]",[],[],"[""Informative"",""Joy"",""Anticipation""]",[],[],,,,,,,,,,,,2026-04-22 15:47:15.158947
1defe3cb-e472-47a5-83cd-aa988992ae98,608871,MOVIE,Hercules,Hercules,,255.02143386064662,277.54393390721685,,True,TV_G,608871,608871,Fantasy,"Greek,mythology,warrior,hero,heroic,Hercules,Zeus,combat,cartoon,​​Animation,​​Kids​​ & ​​Family","[""Personal Celebrations & Life Events"",""Entertainment"",""Genres""]","[""Wedding"",""Romance"",""Movies""]",[],"[""Romance""]","[""Anticipation"",""Joy"",""Trust""]",[],[],,,,,,,,,,,,2026-04-22 15:47:15.158947
c390bafd-3b7c-4e50-9eb7-517997293f79,608871,MOVIE,Hercules,Hercules,,2997.1942061973627,3019.116106242691,,True,TV_G,608871,608871,Fantasy,"Greek,mythology,warrior,hero,heroic,Hercules,Zeus,combat,cartoon,​​Animation,​​Kids​​ & ​​Family","[""Attractions""]","[""Outdoor Activities""]",[],[],"[""Transitional"",""Anticipation""]",[],[],,,,,,,,,,,,2026-04-22 15:47:15.158947
ce0c7041-229d-4f50-acc2-5d087c054f3c,608871,MOVIE,Hercules,Hercules,,717.9839348179241,737.0696681907214,,True,TV_G,608871,608871,Fantasy,"Greek,mythology,warrior,hero,heroic,Hercules,Zeus,combat,cartoon,​​Animation,​​Kids​​ & ​​Family","[""Genres""]","[""Animation & Anime"",""Drama""]",[],"[""Animation & Anime"",""Drama""]","[""Anticipation"",""Trust""]",[],[],,,,,,,,,,,,2026-04-22 15:47:15.158947
d7f1905c-a5c6-4a35-955a-cd6d8551ca44,608871,MOVIE,Hercules,Hercules,,359.65930074367526,379.74603411854235,,True,TV_G,608871,608871,Fantasy,"Greek,mythology,warrior,hero,heroic,Hercules,Zeus,combat,cartoon,​​Animation,​​Kids​​ & ​​Family","[""Genres"",""Attractions""]","[""Documentary"",""Museums & Galleries""]",[],"[""Documentary""]","[""Transitional""]",[],[],,,,,,,,,,,,2026-04-22 15:47:15.158947
0c720199-aa6d-4c02-9822-b74694fcbe82,608871,MOVIE,Hercules,Hercules,,3348.712040257537,3378.174806985124,,True,TV_G,608871,608871,Fantasy,"Greek,mythology,warrior,hero,heroic,Hercules,Zeus,combat,cartoon,​​Animation,​​Kids​​ & ​​Family","[""Genres"",""Attractions""]","[""Drama"",""Historic Site and Landmark Tours"",""Museums & Galleries""]",[],"[""Drama""]","[""Sadness"",""Informative""]",[],"[""Violence""]",,,,,,,,,,,,2026-04-22 15:47:15.158947
25110cab-c948-4f17-8641-ffe5240631d5,608871,MOVIE,Hercules,Hercules,,37.137100076789174,59.75970012356641,,True,TV_G,608871,608871,Fantasy,"Greek,mythology,warrior,hero,heroic,Hercules,Zeus,combat,cartoon,​​Animation,​​Kids​​ & ​​Family","[""Attractions"",""Genres""]","[""Museums & Galleries"",""Documentary"",""Comedy""]",[],"[""Comedy"",""Documentary""]","[""Joy"",""Anticipation"",""Informative""]",[],"[""Explicit Sexual Activity"",""Explicit Nudity""]",detected,,,,,,,,,,,2026-04-22 15:47:15.158947
d72c81c2-da4b-4883-8a34-3edbc222bd7e,608871,MOVIE,Hercules,Hercules,,1398.8641362257947,1412.4110029204724,,True,TV_G,608871,608871,Fantasy,"Greek,mythology,warrior,hero,heroic,Hercules,Zeus,combat,cartoon,​​Animation,​​Kids​​ & ​​Family","[""Genres""]","[""Documentary"",""Comedy""]",[],"[""Comedy"",""Documentary""]","[""Anticipation"",""Trust""]",[],[],,,,,,,,,,,,2026-04-22 15:47:15.158947
b64e86ae-9e8b-46a2-8f5a-82c328b8cba9,608871,MOVIE,Hercules,Hercules,,3457.053607148224,3479.0422405270233,,True,TV_G,608871,608871,Fantasy,"Greek,mythology,warrior,hero,heroic,Hercules,Zeus,combat,cartoon,​​Animation,​​Kids​​ & ​​Family","[""War and Conflicts"",""Genres"",""Attractions""]","[""Animation & Anime"",""Museums & Galleries""]",[],"[""Animation & Anime""]","[""Anticipation""]",[],"[""Violence""]",,,,,,,,,,,,2026-04-22 15:47:15.158947
fa0304f1-22d4-48c1-b373-e54880366f05,608871,MOVIE,Hercules,Hercules,,239.9063338293928,254.98806719391095,,True,TV_G,608871,608871,Fantasy,"Greek,mythology,warrior,hero,heroic,Hercules,Zeus,combat,cartoon,​​Animation,​​Kids​​ & ​​Family","[""Attractions"",""Genres""]","[""Comedy"",""Documentary""]",[],"[""Comedy"",""Documentary""]","[""Trust"",""Anticipation""]",[],[],,,,,,,,,,,,2026-04-22 15:47:15.158947
4e5c8ac9-2c8d-4a4e-b4aa-c50c10bcd0c7,608871,MOVIE,Hercules,Hercules,,3396.2261736891164,3419.482740403871,,True,TV_G,608871,608871,Fantasy,"Greek,mythology,warrior,hero,heroic,Hercules,Zeus,combat,cartoon,​​Animation,​​Kids​​ & ​​Family","[""Genres"",""Attractions""]","[""Drama"",""Mystery""]",[],"[""Mystery"",""Drama""]",[],[],"[""Violence""]",,,,,,,,,,,,2026-04-22 15:47:15.158947
4253132e-26ee-482b-9c3b-3e391bc3786a,608871,MOVIE,Hercules,Hercules,,3698.7951076480776,3711.441074340893,,True,TV_G,608871,608871,Fantasy,"Greek,mythology,warrior,hero,heroic,Hercules,Zeus,combat,cartoon,​​Animation,​​Kids​​ & ​​Family","[""Attractions""]","[""Outdoor Activities""]",[],[],"[""Joy"",""Trust""]",[],[],,,,,,,,,,,,2026-04-22 15:47:15.158947
b1a71894-b237-4d76-bafb-2bf27f7b9d67,608871,MOVIE,Hercules,Hercules,,2158.7566044637074,2178.9434378387814,,True,TV_G,608871,608871,Fantasy,"Greek,mythology,warrior,hero,heroic,Hercules,Zeus,combat,cartoon,​​Animation,​​Kids​​ & ​​Family","[""Attractions"",""Genres""]","[""Animation & Anime""]",[],"[""Animation & Anime""]","[""Anticipation""]",[],[],,,,,,,,,,,,2026-04-22 15:47:15.158947
0f8cd22a-7bac-4ee4-8f28-829d662c89aa,608871,MOVIE,Hercules,Hercules,,2057.588870921187,2077.442037628905,,True,TV_G,608871,608871,Fantasy,"Greek,mythology,warrior,hero,heroic,Hercules,Zeus,combat,cartoon,​​Animation,​​Kids​​ & ​​Family","[""Genres""]","[""Drama"",""Documentary""]",[],"[""Documentary"",""Drama""]","[""Trust""]",[],[],,,,,,,,,,,,2026-04-22 15:47:15.158947
609bedd7-c4e8-4567-b5ea-2912ac880c91,608871,MOVIE,Hercules,Hercules,,2898.3955059930745,2919.4832393700112,,True,TV_G,608871,608871,Fantasy,"Greek,mythology,warrior,hero,heroic,Hercules,Zeus,combat,cartoon,​​Animation,​​Kids​​ & ​​Family","[""Genres""]","[""Drama"",""Mystery""]",[],"[""Mystery"",""Drama""]","[""Surprise""]",[],[],,,,,,,,,,,,2026-04-22 15:47:15.158947
c029e096-7bd8-4afe-8e13-a018d8bee0db,608871,MOVIE,Hercules,Hercules,,3057.621239655642,3077.3075730296814,,True,TV_G,608871,608871,Fantasy,"Greek,mythology,warrior,hero,heroic,Hercules,Zeus,combat,cartoon,​​Animation,​​Kids​​ & ​​Family","[""Attractions"",""War and Conflicts""]","[""Outdoor Activities""]",[],[],"[""Anticipation"",""Transitional""]",[],[],,,,,,,,,,,,2026-04-22 15:47:15.158947
a75a5edd-8dd7-4b3a-971a-b8689836926a,608871,MOVIE,Hercules,Hercules,,4679.908576343414,4696.358343044094,,True,TV_G,608871,608871,Fantasy,"Greek,mythology,warrior,hero,heroic,Hercules,Zeus,combat,cartoon,​​Animation,​​Kids​​ & ​​Family","[""Genres""]","[""Documentary"",""Comedy""]",[],"[""Comedy"",""Documentary""]","[""Trust"",""Anticipation""]",[],[],,,,,,,,,,,,2026-04-22 15:47:15.158947
62ee9260-86db-4bd3-91e1-6b1be5b56fdf,608871,MOVIE,Hercules,Hercules,,416.149067527147,436.5694675693707,,True,TV_G,608871,608871,Fantasy,"Greek,mythology,warrior,hero,heroic,Hercules,Zeus,combat,cartoon,​​Animation,​​Kids​​ & ​​Family","[""Genres""]","[""Animation & Anime"",""Documentary""]",[],"[""Documentary"",""Animation & Anime""]","[""Anticipation"",""Trust"",""Joy""]",[],"[""Explicit Nudity"",""Violence""]",detected,,,,,,,,,,,2026-04-22 15:47:15.158947
b2e80860-9c90-41d8-88b6-83e80b6f35ef,608871,MOVIE,Hercules,Hercules,,156.656500323922,176.54303369837515,,True,TV_G,608871,608871,Fantasy,"Greek,mythology,warrior,hero,heroic,Hercules,Zeus,combat,cartoon,​​Animation,​​Kids​​ & ​​Family","[""Attractions"",""Genres""]","[""Comedy"",""Documentary""]",[],"[""Comedy"",""Documentary""]","[""Trust"",""Anticipation""]",[],"[""Non-Explicit Nudity of Intimate parts and Kissing""]",detected,,,,,,,,,,,2026-04-22 15:47:15.158947
e76cb476-457d-40c9-85d0-7f34795355cd,608871,MOVIE,Hercules,Hercules,,3973.0691082152002,3995.3914082613564,,True,TV_G,608871,608871,Fantasy,"Greek,mythology,warrior,hero,heroic,Hercules,Zeus,combat,cartoon,​​Animation,​​Kids​​ & ​​Family","[""Genres"",""Attractions""]","[""Soap Opera"",""Museums & Galleries""]",[],"[""Soap Opera""]","[""Informative"",""Anticipation"",""Joy""]",[],[],,,,,,,,,,,,2026-04-22 15:47:15.158947
ff418fcf-e9d6-44bb-be4f-c82656fdfb41,608871,MOVIE,Hercules,Hercules,,1039.638602149683,1056.42203551772,,True,TV_G,608871,608871,Fantasy,"Greek,mythology,warrior,hero,heroic,Hercules,Zeus,combat,cartoon,​​Animation,​​Kids​​ & ​​Family","[""Genres"",""Attractions""]","[""Outdoor Activities"",""Comedy""]",[],"[""Comedy""]","[""Anger"",""Anticipation"",""Fear""]",[],[],,,,,,,,,,,,2026-04-22 15:47:15.158947
6f76452e-53ce-435c-9e90-8857e4654f5e,608871,MOVIE,Hercules,Hercules,,737.103034857457,757.0229348986459,,True,TV_G,608871,608871,Fantasy,"Greek,mythology,warrior,hero,heroic,Hercules,Zeus,combat,cartoon,​​Animation,​​Kids​​ & ​​Family","[""Genres""]","[""Animation & Anime"",""Drama""]",[],"[""Drama"",""Animation & Anime""]","[""Surprise"",""Joy""]",[],"[""Explicit Nudity"",""Explicit Sexual Activity""]",detected,,,,,,,,,,,2026-04-22 15:47:15.158947
d1e9c16d-9d2c-4e88-850c-b202304cde65,608871,MOVIE,Hercules,Hercules,,2919.516606036747,2939.7701727452923,,True,TV_G,608871,608871,Fantasy,"Greek,mythology,warrior,hero,heroic,Hercules,Zeus,combat,cartoon,​​Animation,​​Kids​​ & ​​Family","[""Attractions""]","[""Outdoor Activities""]",[],[],"[""Joy"",""Trust""]",[],[],,,,,,,,,,,,2026-04-22 15:47:15.158947
bf67a88e-454d-42f2-9eff-3429e77b33ac,608871,MOVIE,Hercules,Hercules,,2296.294004748096,2313.277638116547,,True,TV_G,608871,608871,Fantasy,"Greek,mythology,warrior,hero,heroic,Hercules,Zeus,combat,cartoon,​​Animation,​​Kids​​ & ​​Family","[""Genres"",""Attractions""]","[""Animation & Anime""]",[],"[""Animation & Anime""]","[""Anticipation"",""Transitional""]",[],[],,,,,,,,,,,,2026-04-22 15:47:15.158947
a0265353-f1ab-420a-897d-eab0345f6e13,608871,MOVIE,Hercules,Hercules,,1259.6250359378869,1279.51156931234,,True,TV_G,608871,608871,Fantasy,"Greek,mythology,warrior,hero,heroic,Hercules,Zeus,combat,cartoon,​​Animation,​​Kids​​ & ​​Family","[""Genres"",""Attractions""]","[""Comedy"",""Mystery""]",[],"[""Comedy"",""Mystery""]","[""Anticipation""]",[],"[""Violence""]",,,,,,,,,,,,2026-04-22 15:47:15.158947
13c555ea-72b0-4eaa-bff5-795a2a259bcb,608871,MOVIE,Hercules,Hercules,,678.4778014029031,698.3977014440919,,True,TV_G,608871,608871,Fantasy,"Greek,mythology,warrior,hero,heroic,Hercules,Zeus,combat,cartoon,​​Animation,​​Kids​​ & ​​Family","[""Genres"",""Books and Literature""]","[""Fiction"",""Biographies"",""Animation & Anime""]",[],"[""Animation & Anime"",""Biographies""]","[""Anticipation"",""Trust""]",[],"[""Non-Explicit Nudity of Intimate parts and Kissing"",""Explicit Sexual Activity"",""Explicit Nudity""]",detected,,,,,,,,,,,2026-04-22 15:47:15.158947
27b64b0a-0bfd-477e-a820-129249784c18,608871,MOVIE,Hercules,Hercules,,1197.863335810181,1219.7518691887738,,True,TV_G,608871,608871,Fantasy,"Greek,mythology,warrior,hero,heroic,Hercules,Zeus,combat,cartoon,​​Animation,​​Kids​​ & ​​Family","[""Genres""]","[""Comedy"",""Family/Children"",""Documentary""]",[],"[""Comedy"",""Family/Children"",""Documentary""]","[""Joy"",""Anticipation""]",[],"[""Violence""]",,,,,,,,,,,,2026-04-22 15:47:15.158947
e85df511-f127-4c52-9dc0-d7bdbb6b35d3,608871,MOVIE,Hercules,Hercules,,5156.985177329875,5179.4409440429745,,True,TV_G,608871,608871,Fantasy,"Greek,mythology,warrior,hero,heroic,Hercules,Zeus,combat,cartoon,​​Animation,​​Kids​​ & ​​Family","[""Genres"",""Attractions""]","[""Documentary"",""Museums & Galleries""]",[],"[""Documentary""]","[""Anticipation"",""Joy""]",[],[],,,,,,,,,,,,2026-04-22 15:47:15.158947
f5737e09-28f8-4c86-ba8b-3385e71e2595,608871,MOVIE,Hercules,Hercules,,2857.8216392425124,2876.874005948574,,True,TV_G,608871,608871,Fantasy,"Greek,mythology,warrior,hero,heroic,Hercules,Zeus,combat,cartoon,​​Animation,​​Kids​​ & ​​Family","[""Attractions""]","[""Outdoor Activities""]",[],[],"[""Informative""]",[],[],,,,,,,,,,,,2026-04-22 15:47:15.158947
fc046a4f-5444-426a-bdc5-b5db1110ff92,608871,MOVIE,Hercules,Hercules,,819.2517683606511,836.2020350623662,,True,TV_G,608871,608871,Fantasy,"Greek,mythology,warrior,hero,heroic,Hercules,Zeus,combat,cartoon,​​Animation,​​Kids​​ & ​​Family","[""Genres""]","[""Animation & Anime"",""Biographies""]",[],"[""Animation & Anime"",""Biographies""]","[""Anticipation"",""Trust""]",[],"[""Graphic Violence""]",,,,detected,,,,,,,,2026-04-22 15:47:15.158947
56367021-e982-43ed-9c54-722ffc5b13bc,608871,MOVIE,Hercules,Hercules,,5198.4599440823,5218.846977457788,,True,TV_G,608871,608871,Fantasy,"Greek,mythology,warrior,hero,heroic,Hercules,Zeus,combat,cartoon,​​Animation,​​Kids​​ & ​​Family","[""Genres""]","[""Animation & Anime""]",[],"[""Animation & Anime""]","[""Sadness"",""Trust""]",[],[],,,,,,,,,,,,2026-04-22 15:47:15.158947
58f446bd-a85f-42a5-bbf0-f9572aa16de4,608871,MOVIE,Hercules,Hercules,,836.2354017291018,858.2907684413728,,True,TV_G,608871,608871,Fantasy,"Greek,mythology,warrior,hero,heroic,Hercules,Zeus,combat,cartoon,​​Animation,​​Kids​​ & ​​Family","[""Attractions"",""Genres""]","[""Comedy"",""Museums & Galleries""]",[],"[""Comedy""]","[""Trust""]",[],[],,,,,,,,,,,,2026-04-22 15:47:15.158947
ab04b40a-73e5-407a-9807-cbfd695ed0f0,608871,MOVIE,Hercules,Hercules,,959.5586019840998,976.8425353531716,,True,TV_G,608871,608871,Fantasy,"Greek,mythology,warrior,hero,heroic,Hercules,Zeus,combat,cartoon,​​Animation,​​Kids​​ & ​​Family","[""Genres""]","[""Biographies"",""Documentary""]",[],"[""Biographies"",""Documentary""]","[""Trust"",""Anticipation""]",[],"[""Violence""]",,,,,,,,,,,,2026-04-22 15:47:15.158947
4defd3c7-0caa-401d-a012-2ae6bcdadf2d,608871,MOVIE,Hercules,Hercules,,1459.7916696851091,1479.1777030585274,,True,TV_G,608871,608871,Fantasy,"Greek,mythology,warrior,hero,heroic,Hercules,Zeus,combat,cartoon,​​Animation,​​Kids​​ & ​​Family","[""Attractions""]","[""Outdoor Activities""]",[],[],"[""Sadness"",""Anticipation""]",[],[],,,,,,,,,,,,2026-04-22 15:47:15.158947
1ff8b413-200a-41c9-b29c-c9d49b2230ab,608871,MOVIE,Hercules,Hercules,,3436.0659737714936,3457.020240481488,,True,TV_G,608871,608871,Fantasy,"Greek,mythology,warrior,hero,heroic,Hercules,Zeus,combat,cartoon,​​Animation,​​Kids​​ & ​​Family","[""Entertainment"",""Genres""]","[""Movies"",""Drama""]",[],"[""Drama""]","[""Anticipation"",""Joy""]",[],"[""Violence""]",,,,,,,,,,,,2026-04-22 15:47:15.158947
2d4adc60-d7c8-4cce-9a0a-d5d98465fdab,608871,MOVIE,Hercules,Hercules,,1056.4554021844554,1078.0770022291629,,True,TV_G,608871,608871,Fantasy,"Greek,mythology,warrior,hero,heroic,Hercules,Zeus,combat,cartoon,​​Animation,​​Kids​​ & ​​Family","[""Genres""]","[""Biographies"",""Documentary"",""Comedy""]",[],"[""Biographies"",""Comedy"",""Documentary""]","[""Joy"",""Trust"",""Anticipation""]",[],"[""Violence""]",,,,,,,,,,,,2026-04-22 15:47:15.158947
98a1b15c-0bc7-466d-ac7b-636f548d4080,608871,MOVIE,Hercules,Hercules,,77.07700015937377,99.43266687226573,,True,TV_G,608871,608871,Fantasy,"Greek,mythology,warrior,hero,heroic,Hercules,Zeus,combat,cartoon,​​Animation,​​Kids​​ & ​​Family","[""Attractions"",""Fine Art""]","[""Historic Site and Landmark Tours""]",[],[],"[""Trust"",""Anticipation""]",[],[],,,,,,,,,,,,2026-04-22 15:47:15.158947
ee2686dd-634a-4766-af6b-01bf9df8cf70,608871,MOVIE,Hercules,Hercules,,1778.3432370104517,1795.3268703789024,,True,TV_G,608871,608871,Fantasy,"Greek,mythology,warrior,hero,heroic,Hercules,Zeus,combat,cartoon,​​Animation,​​Kids​​ & ​​Family","[""Education"",""Attractions""]","[""Outdoor Activities""]",[],[],"[""Surprise"",""Anticipation"",""Trust""]",[],[],,,,,,,,,,,,2026-04-22 15:47:15.158947
5dbd5dd8-c260-4893-8159-3d1a3870480d,608871,MOVIE,Hercules,Hercules,,319.61930066088365,337.7040340316112,,True,TV_G,608871,608871,Fantasy,"Greek,mythology,warrior,hero,heroic,Hercules,Zeus,combat,cartoon,​​Animation,​​Kids​​ & ​​Family","[""Attractions"",""Books and Literature"",""Education""]","[""Museums & Galleries"",""College Education""]","[""Postgraduate Education""]",[],"[""Transitional"",""Joy"",""Anticipation""]",[],[],,,,,,,,,,,,2026-04-22 15:47:15.158947
5ce6ea81-8946-4a99-aef8-0914c5eb1366,608871,MOVIE,Hercules,Hercules,,2759.423339039052,2774.4383390700987,,True,TV_G,608871,608871,Fantasy,"Greek,mythology,warrior,hero,heroic,Hercules,Zeus,combat,cartoon,​​Animation,​​Kids​​ & ​​Family","[""Attractions""]","[""Outdoor Activities""]",[],[],"[""Trust"",""Informative""]",[],[],,,,,,,,,,,,2026-04-22 15:47:15.158947
a7b61fb5-19ef-433a-805c-d972f3e3aaef,608871,MOVIE,Hercules,Hercules,,1113.8794356365256,1137.6031356855797,,True,TV_G,608871,608871,Fantasy,"Greek,mythology,warrior,hero,heroic,Hercules,Zeus,combat,cartoon,​​Animation,​​Kids​​ & ​​Family","[""Genres""]","[""Documentary"",""Drama""]",[],"[""Drama"",""Documentary""]","[""Sadness""]",[],"[""Violence""]",,,,,,,,,,,,2026-04-22 15:47:15.158947
bc44c116-ff32-4ea3-a750-8c1bdd8213a4,608871,MOVIE,Hercules,Hercules,,1795.360237045638,1819.6178037624627,,True,TV_G,608871,608871,Fantasy,"Greek,mythology,warrior,hero,heroic,Hercules,Zeus,combat,cartoon,​​Animation,​​Kids​​ & ​​Family","[""Attractions""]","[""Outdoor Activities""]",[],[],"[""Anticipation"",""Trust""]",[],[],,,,,,,,,,,,2026-04-22 15:47:15.158947
13eedc36-ee2f-42f6-a770-08ffc14eafeb,608871,MOVIE,Hercules,Hercules,,459.2254342828836,478.9785009903941,,True,TV_G,608871,608871,Fantasy,"Greek,mythology,warrior,hero,heroic,Hercules,Zeus,combat,cartoon,​​Animation,​​Kids​​ & ​​Family","[""Attractions"",""Genres""]","[""Soap Opera"",""Museums & Galleries""]",[],"[""Soap Opera""]","[""Anticipation"",""Trust""]",[],[],,,,,,,,,,,,2026-04-22 15:47:15.158947
6387228d-09cf-4fc7-9bd9-161593b097f6,608871,MOVIE,Hercules,Hercules,,1819.6511704291984,1839.4709704701802,,True,TV_G,608871,608871,Fantasy,"Greek,mythology,warrior,hero,heroic,Hercules,Zeus,combat,cartoon,​​Animation,​​Kids​​ & ​​Family","[""Attractions"",""Family and Relationships""]","[""Outdoor Activities""]",[],[],"[""Anticipation"",""Sadness""]",[],[],,,,,,,,,,,,2026-04-22 15:47:15.158947
95074753-0d02-42c8-b65f-c21a648e58e2,608871,MOVIE,Hercules,Hercules,,3138.101639822053,3149.7466065127983,,True,TV_G,608871,608871,Fantasy,"Greek,mythology,warrior,hero,heroic,Hercules,Zeus,combat,cartoon,​​Animation,​​Kids​​ & ​​Family","[""Genres""]","[""Animation & Anime"",""Documentary""]",[],"[""Animation & Anime"",""Documentary""]","[""Joy""]",[],[],,,,,,,,,,,,2026-04-22 15:47:15.158947
c4531ef3-abd9-4079-85ea-2280d9be53fe,608871,MOVIE,Hercules,Hercules,,1159.0579023966088,1173.071902425586,,True,TV_G,608871,608871,Fantasy,"Greek,mythology,warrior,hero,heroic,Hercules,Zeus,combat,cartoon,​​Animation,​​Kids​​ & ​​Family","[""Genres"",""Attractions""]","[""Documentary""]",[],"[""Documentary""]","[""Joy"",""Anticipation"",""Informative""]",[],"[""Violence""]",,,,,,,,,,,,2026-04-22 15:47:15.158947
538b235a-68a6-43c8-ba38-d1bd42f8af59,608871,MOVIE,Hercules,Hercules,,5117.345577247912,5136.798343954802,,True,TV_G,608871,608871,Fantasy,"Greek,mythology,warrior,hero,heroic,Hercules,Zeus,combat,cartoon,​​Animation,​​Kids​​ & ​​Family","[""Genres""]","[""Comedy"",""Biographies"",""Documentary""]",[],"[""Documentary"",""Biographies"",""Comedy""]","[""Trust"",""Anticipation"",""Joy""]",[],[],,,,,,,,,,,,2026-04-22 15:47:15.158947
efbcd7d3-d8f7-489a-895c-3ffae26c752d,608871,MOVIE,Hercules,Hercules,,1137.6365023523153,1159.0245357298732,,True,TV_G,608871,608871,Fantasy,"Greek,mythology,warrior,hero,heroic,Hercules,Zeus,combat,cartoon,​​Animation,​​Kids​​ & ​​Family","[""Attractions"",""Genres""]","[""Animation & Anime"",""Museums & Galleries""]",[],"[""Animation & Anime""]","[""Anticipation"",""Trust""]",[],"[""Violence""]",,,,,,,,,,,,2026-04-22 15:47:15.158947
af68acd4-fcd2-4709-ba8c-1a9a9574e200,608871,MOVIE,Hercules,Hercules,,3279.309373447365,3295.659040147838,,True,TV_G,608871,608871,Fantasy,"Greek,mythology,warrior,hero,heroic,Hercules,Zeus,combat,cartoon,​​Animation,​​Kids​​ & ​​Family","[""Genres""]","[""Comedy"",""Family/Children""]",[],"[""Comedy"",""Family/Children""]","[""Joy"",""Trust""]",[],[],,,,,,,,,,,,2026-04-22 15:47:15.158947
85b196bf-ad86-4edb-9120-f809bf6959b6,608871,MOVIE,Hercules,Hercules,,2359.5572048789068,2378.4427382512904,,True,TV_G,608871,608871,Fantasy,"Greek,mythology,warrior,hero,heroic,Hercules,Zeus,combat,cartoon,​​Animation,​​Kids​​ & ​​Family","[""Attractions"",""Genres"",""Sports""]","[""Outdoor Activities"",""Comedy"",""Extreme Sports""]",[],"[""Comedy""]","[""Anticipation""]",[],"[""Graphic Violence"",""Weapons""]",,detected,,detected,,,,,,,,2026-04-22 15:47:15.158947
db9f5a21-0138-4676-a881-9c32051700af,608871,MOVIE,Hercules,Hercules,,4197.62677534619,4215.311108716089,,True,TV_G,608871,608871,Fantasy,"Greek,mythology,warrior,hero,heroic,Hercules,Zeus,combat,cartoon,​​Animation,​​Kids​​ & ​​Family","[""Attractions"",""Genres""]","[""Museums & Galleries"",""Drama""]",[],"[""Drama""]","[""Joy"",""Anticipation""]",[],"[""Harassment""]",,,,,,,,,,,,2026-04-22 15:47:15.158947
6b13af8a-d054-42fa-a036-0bcdcc0b40e9,608871,MOVIE,Hercules,Hercules,,4654.783476291462,4679.875209676678,,True,TV_G,608871,608871,Fantasy,"Greek,mythology,warrior,hero,heroic,Hercules,Zeus,combat,cartoon,​​Animation,​​Kids​​ & ​​Family","[""Genres"",""Attractions""]","[""Documentary"",""Animation & Anime""]",[],"[""Documentary"",""Animation & Anime""]","[""Anticipation"",""Trust""]",[],[],,,,,,,,,,,,2026-04-22 15:47:15.158947
ad953c7b-b9b3-4a0b-b2ec-47b7f44edc30,608871,MOVIE,Hercules,Hercules,,4859.621443381677,4879.6748100898085,,True,TV_G,608871,608871,Fantasy,"Greek,mythology,warrior,hero,heroic,Hercules,Zeus,combat,cartoon,​​Animation,​​Kids​​ & ​​Family","[""Genres""]","[""Comedy"",""Fantasy"",""Documentary""]",[],"[""Fantasy"",""Comedy"",""Documentary""]","[""Anticipation"",""Trust""]",[],[],,,,,,,,,,,,2026-04-22 15:47:15.158947
41c5d6d4-b39c-49c4-a4ee-486f6148fbb8,608871,MOVIE,Hercules,Hercules,,5259.587677542028,5277.005077578043,,True,TV_G,608871,608871,Fantasy,"Greek,mythology,warrior,hero,heroic,Hercules,Zeus,combat,cartoon,​​Animation,​​Kids​​ & ​​Family","[""Genres"",""Attractions""]","[""Museums & Galleries"",""Documentary""]",[],"[""Documentary""]","[""Anticipation"",""Joy""]",[],[],,,,,,,,,,,,2026-04-22 15:47:15.158947
315194f2-cb16-440c-a104-2d0ba0a7ff25,608871,MOVIE,Hercules,Hercules,,916.3821352281562,939.3050352755545,,True,TV_G,608871,608871,Fantasy,"Greek,mythology,warrior,hero,heroic,Hercules,Zeus,combat,cartoon,​​Animation,​​Kids​​ & ​​Family","[""Attractions"",""Family and Relationships""]","[""Outdoor Activities""]",[],[],"[""Anticipation"",""Trust""]",[],[],,,,,,,,,,,,2026-04-22 15:47:15.158947
74377956-1981-4648-8c53-5bbb35f980ff,608871,MOVIE,Hercules,Hercules,,379.77940078527797,396.19580081922254,,True,TV_G,608871,608871,Fantasy,"Greek,mythology,warrior,hero,heroic,Hercules,Zeus,combat,cartoon,​​Animation,​​Kids​​ & ​​Family","[""Genres""]","[""Drama"",""Comedy""]",[],"[""Drama"",""Comedy""]","[""Transitional""]",[],[],,,,,,,,,,,,2026-04-22 15:47:15.158947
f8136f7e-a81e-492b-bbe2-fa00ae2a37fe,608871,MOVIE,Hercules,Hercules,,1019.9856354423795,1039.6052354829474,,True,TV_G,608871,608871,Fantasy,"Greek,mythology,warrior,hero,heroic,Hercules,Zeus,combat,cartoon,​​Animation,​​Kids​​ & ​​Family","[""Attractions"",""Family and Relationships""]","[""Outdoor Activities""]",[],[],"[""Surprise"",""Fear"",""Anticipation""]",[],[],,,,,,,,,,,,2026-04-22 15:47:15.158947
2af77529-3fe1-46bb-b8f2-cea4774e097b,608871,MOVIE,Hercules,Hercules,,4533.562376040811,4558.287076091934,,True,TV_G,608871,608871,Fantasy,"Greek,mythology,warrior,hero,heroic,Hercules,Zeus,combat,cartoon,​​Animation,​​Kids​​ & ​​Family","[""Genres"",""Attractions""]","[""Comedy"",""Documentary""]",[],"[""Documentary"",""Comedy""]","[""Trust"",""Anticipation""]",[],[],,,,,,,,,,,,2026-04-22 15:47:15.158947
07afb4d0-1823-45dd-92b7-2cd9fc12796b,608871,MOVIE,Hercules,Hercules,,1518.5837364733413,1535.8009365089417,,True,TV_G,608871,608871,Fantasy,"Greek,mythology,warrior,hero,heroic,Hercules,Zeus,combat,cartoon,​​Animation,​​Kids​​ & ​​Family","[""Attractions""]","[""Outdoor Activities""]",[],[],"[""Anticipation""]",[],"[""Explicit Nudity"",""Swimwear or Underwear"",""Explicit Sexual Activity""]",detected,,,,,,,,,,,2026-04-22 15:47:15.158947
6a95305e-90ff-4be6-a846-0f60cf15f6f8,608871,MOVIE,Hercules,Hercules,,559.859301157633,578.0441345285676,,True,TV_G,608871,608871,Fantasy,"Greek,mythology,warrior,hero,heroic,Hercules,Zeus,combat,cartoon,​​Animation,​​Kids​​ & ​​Family","[""Attractions"",""Genres""]","[""Documentary"",""Museums & Galleries"",""Comedy""]",[],"[""Comedy"",""Documentary""]","[""Trust"",""Informative"",""Joy""]",[],[],,,,,,,,,,,,2026-04-22 15:47:15.158947
478e6de2-fc00-4af5-9139-01e96b39a73b,608871,MOVIE,Hercules,Hercules,,4178.574408640127,4197.593408679454,,True,TV_G,608871,608871,Fantasy,"Greek,mythology,warrior,hero,heroic,Hercules,Zeus,combat,cartoon,​​Animation,​​Kids​​ & ​​Family","[""Genres"",""Attractions""]","[""Drama""]",[],"[""Drama""]","[""Trust"",""Anticipation""]",[],[],,,,,,,,,,,,2026-04-22 15:47:15.158947
3b40b3b5-b78b-46fc-a993-e2a0bef94482,608871,MOVIE,Hercules,Hercules,,3799.0285745219994,3819.8827412317864,,True,TV_G,608871,608871,Fantasy,"Greek,mythology,warrior,hero,heroic,Hercules,Zeus,combat,cartoon,​​Animation,​​Kids​​ & ​​Family","[""Attractions"",""Science""]","[""Outdoor Activities""]",[],[],"[""Joy"",""Trust""]",[],[],,,,,,,,,,,,2026-04-22 15:47:15.158947
d285ec93-e5fc-4be2-bf34-465d0e05652b,608871,MOVIE,Hercules,Hercules,,119.41930024692584,134.56776694491532,,True,TV_G,608871,608871,Fantasy,"Greek,mythology,warrior,hero,heroic,Hercules,Zeus,combat,cartoon,​​Animation,​​Kids​​ & ​​Family","[""Attractions"",""Genres""]","[""Outdoor Activities"",""Museums & Galleries"",""Soap Opera""]",[],"[""Soap Opera""]","[""Anticipation"",""Trust"",""Surprise"",""Joy""]",[],[],,,,,,,,,,,,2026-04-22 15:47:15.158947
ba67d986-ecaf-4348-96ab-e2ce73f1a255,608871,MOVIE,Hercules,Hercules,,1479.211069725263,1497.5961030966116,,True,TV_G,608871,608871,Fantasy,"Greek,mythology,warrior,hero,heroic,Hercules,Zeus,combat,cartoon,​​Animation,​​Kids​​ & ​​Family","[""Attractions""]","[""Outdoor Activities""]",[],[],"[""Anticipation"",""Joy""]",[],[],,,,,,,,,,,,2026-04-22 15:47:15.158947
415103b3-d2b7-4586-b508-92624a78a6ed,608871,MOVIE,Hercules,Hercules,,5039.701343754032,5058.353310459265,,True,TV_G,608871,608871,Fantasy,"Greek,mythology,warrior,hero,heroic,Hercules,Zeus,combat,cartoon,​​Animation,​​Kids​​ & ​​Family","[""Attractions"",""Genres""]","[""Documentary"",""Animation & Anime""]",[],"[""Documentary"",""Animation & Anime""]","[""Anticipation"",""Joy""]",[],[],,,,,,,,,,,,2026-04-22 15:47:15.158947
57017a8b-b31e-43dd-8152-d1ac7cbe60b4,608871,MOVIE,Hercules,Hercules,,2774.4717057368343,2792.356239107148,,True,TV_G,608871,608871,Fantasy,"Greek,mythology,warrior,hero,heroic,Hercules,Zeus,combat,cartoon,​​Animation,​​Kids​​ & ​​Family","[""Attractions""]","[""Museums & Galleries"",""Historic Site and Landmark Tours""]",[],[],"[""Trust"",""Surprise""]",[],[],,,,,,,,,,,,2026-04-22 15:47:15.158947
026f6555-5889-4294-9da5-a1a56df61a08,608871,MOVIE,Hercules,Hercules,,4938.0331102104765,4957.352410250423,,True,TV_G,608871,608871,Fantasy,"Greek,mythology,warrior,hero,heroic,Hercules,Zeus,combat,cartoon,​​Animation,​​Kids​​ & ​​Family","[""Attractions"",""Genres""]","[""Museums & Galleries"",""Romance"",""Documentary""]",[],"[""Romance"",""Documentary""]","[""Anticipation"",""Trust"",""Joy""]",[],[],,,,,,,,,,,,2026-04-22 15:47:15.158947
7ea21f90-f550-46ba-91bb-6d04470ea78c,608871,MOVIE,Hercules,Hercules,,5015.777443704564,5039.667977087296,,True,TV_G,608871,608871,Fantasy,"Greek,mythology,warrior,hero,heroic,Hercules,Zeus,combat,cartoon,​​Animation,​​Kids​​ & ​​Family","[""Attractions"",""Genres""]","[""Documentary"",""Outdoor Activities""]",[],"[""Documentary""]","[""Anticipation"",""Trust""]",[],"[""Violence""]",,,,,,,,,,,,2026-04-22 15:47:15.158947
17444b78-d4af-44c5-a64a-d59497fc449d,608871,MOVIE,Hercules,Hercules,,5304.999710969261,5360.58857775087,,True,TV_G,608871,608871,Fantasy,"Greek,mythology,warrior,hero,heroic,Hercules,Zeus,combat,cartoon,​​Animation,​​Kids​​ & ​​Family",[],[],[],[],[],[],[],,,,,,,,,,,,2026-04-22 15:47:15.158947
26f71ef9-fce0-457e-9171-9519f580bf48,608871,MOVIE,Hercules,Hercules,,534.4005344383247,559.8259344908975,,True,TV_G,608871,608871,Fantasy,"Greek,mythology,warrior,hero,heroic,Hercules,Zeus,combat,cartoon,​​Animation,​​Kids​​ & ​​Family","[""Genres"",""Attractions""]","[""Documentary"",""Comedy"",""Museums & Galleries""]",[],"[""Documentary"",""Comedy""]","[""Informative"",""Anticipation""]",[],[],,,,,,,,,,,,2026-04-22 15:47:15.158947
1be61035-3cee-45c1-a434-20f2c0d0e059,608871,MOVIE,Hercules,Hercules,,1239.738502563434,1259.5916692711514,,True,TV_G,608871,608871,Fantasy,"Greek,mythology,warrior,hero,heroic,Hercules,Zeus,combat,cartoon,​​Animation,​​Kids​​ & ​​Family","[""Genres""]","[""Drama"",""Biographies"",""Romance""]",[],"[""Biographies"",""Romance"",""Drama""]","[""Anticipation""]",[],"[""Violence/graphic"",""Violence_graphic"",""Violence""]",,,,,,,,,,,,2026-04-22 15:47:15.158947
7bd5cd19-5813-4cbd-a930-ff70bb19ebe0,608871,MOVIE,Hercules,Hercules,,4418.747675803405,4439.802042513607,,True,TV_G,608871,608871,Fantasy,"Greek,mythology,warrior,hero,heroic,Hercules,Zeus,combat,cartoon,​​Animation,​​Kids​​ & ​​Family","[""War and Conflicts"",""Attractions"",""Family and Relationships""]","[""Bars & Restaurants""]",[],[],"[""Anger"",""Conflict"",""Anticipation""]",[],"[""Harassment_threatening"",""Hate"",""Hate_threatening"",""Hate/threatening"",""Violence"",""Harassment"",""Harassment/threatening""]",,,,,,,,,,,,2026-04-22 15:47:15.158947
d5f5860b-ce5b-4c72-9118-a681bda66b80,608871,MOVIE,Hercules,Hercules,,3295.6924068145736,3310.7074068456204,,True,TV_G,608871,608871,Fantasy,"Greek,mythology,warrior,hero,heroic,Hercules,Zeus,combat,cartoon,​​Animation,​​Kids​​ & ​​Family","[""Genres""]","[""Drama""]",[],"[""Drama""]","[""Anticipation"",""Trust""]",[],[],,,,,,,,,,,,2026-04-22 15:47:15.158947
0e86f32b-c475-4856-a2bc-3f28d0de5d3d,608871,MOVIE,Hercules,Hercules,,4479.508375929042,4499.561742637174,,True,TV_G,608871,608871,Fantasy,"Greek,mythology,warrior,hero,heroic,Hercules,Zeus,combat,cartoon,​​Animation,​​Kids​​ & ​​Family","[""Genres""]","[""Romance"",""Mystery"",""Drama""]",[],"[""Mystery"",""Romance"",""Drama""]","[""Surprise"",""Anticipation""]",[],"[""Violence"",""Graphic Violence""]",,,,detected,,,,,,,,2026-04-22 15:47:15.158947
2909d112-54c6-4c2b-917a-8287dd868fb5,608871,MOVIE,Hercules,Hercules,,659.2586013631632,678.4444347361674,,True,TV_G,608871,608871,Fantasy,"Greek,mythology,warrior,hero,heroic,Hercules,Zeus,combat,cartoon,​​Animation,​​Kids​​ & ​​Family","[""Genres"",""Family and Relationships""]","[""Animation & Anime""]",[],"[""Animation & Anime""]","[""Fear"",""Sadness"",""Surprise""]",[],[],,,,,,,,,,,,2026-04-22 15:47:15.158947
23a7cdc5-57b0-4adf-8a7b-d04fd89a1235,608871,MOVIE,Hercules,Hercules,,2556.5873719529773,2579.076505332812,,True,TV_G,608871,608871,Fantasy,"Greek,mythology,warrior,hero,heroic,Hercules,Zeus,combat,cartoon,​​Animation,​​Kids​​ & ​​Family","[""Attractions"",""Genres""]","[""Soap Opera"",""Outdoor Activities""]",[],"[""Soap Opera""]","[""Anticipation"",""Trust"",""Surprise"",""Joy""]",[],[],,,,,,,,,,,,2026-04-22 15:47:15.158947
33811a64-1ff3-4057-b163-c01c1f73734c,608871,MOVIE,Hercules,Hercules,,1598.2967033048324,1619.6847366823902,,True,TV_G,608871,608871,Fantasy,"Greek,mythology,warrior,hero,heroic,Hercules,Zeus,combat,cartoon,​​Animation,​​Kids​​ & ​​Family","[""Attractions"",""Family and Relationships""]","[""Outdoor Activities""]",[],[],"[""Joy"",""Anticipation""]",[],"[""Violence"",""Explicit Nudity""]",detected,,,,,,,,,,,2026-04-22 15:47:15.158947
8244056d-75cc-4e98-bca7-bb9028ae864c,608871,MOVIE,Hercules,Hercules,,3095.792706401237,3118.3819397812786,,True,TV_G,608871,608871,Fantasy,"Greek,mythology,warrior,hero,heroic,Hercules,Zeus,combat,cartoon,​​Animation,​​Kids​​ & ​​Family","[""Genres"",""Attractions""]","[""Biographies"",""Comedy""]",[],"[""Biographies"",""Comedy""]","[""Joy"",""Trust""]",[],[],,,,,,,,,,,,2026-04-22 15:47:15.158947
5ce83538-303f-4b5a-8267-350cfdeb6689,608871,MOVIE,Hercules,Hercules,,337.73740069834685,359.6259340769396,,True,TV_G,608871,608871,Fantasy,"Greek,mythology,warrior,hero,heroic,Hercules,Zeus,combat,cartoon,​​Animation,​​Kids​​ & ​​Family","[""Attractions"",""Genres""]","[""Documentary"",""Comedy"",""Museums & Galleries""]",[],"[""Comedy"",""Documentary""]","[""Trust"",""Anticipation"",""Joy""]",[],"[""Violence""]",,,,,,,,,,,,2026-04-22 15:47:15.158947
f0ddf384-69eb-4618-96cc-c3ece4716151,608871,MOVIE,Hercules,Hercules,,59.79306679030207,77.04363349263811,,True,TV_G,608871,608871,Fantasy,"Greek,mythology,warrior,hero,heroic,Hercules,Zeus,combat,cartoon,​​Animation,​​Kids​​ & ​​Family","[""Education"",""Attractions"",""Genres""]","[""Soap Opera"",""College Education""]","[""Postgraduate Education""]","[""Soap Opera""]","[""Anticipation"",""Trust""]",[],[],,,,,,,,,,,,2026-04-22 15:47:15.158947
08a44fbc-7f15-449e-a6bf-a2af978cba38,608871,MOVIE,Hercules,Hercules,,2616.9143054110496,2638.4691721222857,,True,TV_G,608871,608871,Fantasy,"Greek,mythology,warrior,hero,heroic,Hercules,Zeus,combat,cartoon,​​Animation,​​Kids​​ & ​​Family","[""Attractions"",""Genres""]","[""Outdoor Activities"",""Animation & Anime""]",[],"[""Animation & Anime""]","[""Trust"",""Joy"",""Transitional""]",[],[],,,,,,,,,,,,2026-04-22 15:47:15.158947
6c07b5c4-aebb-4d1f-9961-e913a8471fee,608871,MOVIE,Hercules,Hercules,,3331.1945402213155,3348.6786735908013,,True,TV_G,608871,608871,Fantasy,"Greek,mythology,warrior,hero,heroic,Hercules,Zeus,combat,cartoon,​​Animation,​​Kids​​ & ​​Family","[""Attractions"",""Genres""]","[""Action/Adventure"",""Outdoor Activities""]",[],"[""Action/Adventure""]","[""Trust"",""Anticipation""]",[],"[""Violence""]",,,,,,,,,,,,2026-04-22 15:47:15.158947
fbd4ba67-48ec-4223-943c-df790bda10bc,608871,MOVIE,Hercules,Hercules,,578.0775011953032,599.8993012404246,,True,TV_G,608871,608871,Fantasy,"Greek,mythology,warrior,hero,heroic,Hercules,Zeus,combat,cartoon,​​Animation,​​Kids​​ & ​​Family","[""Attractions""]",[],[],[],"[""Joy"",""Informative"",""Anticipation""]",[],[],,,,,,,,,,,,2026-04-22 15:47:15.158947
6cf621ad-196a-4be0-9f17-6b296c16226b,608871,MOVIE,Hercules,Hercules,,216.6831337813737,239.87296716265715,,True,TV_G,608871,608871,Fantasy,"Greek,mythology,warrior,hero,heroic,Hercules,Zeus,combat,cartoon,​​Animation,​​Kids​​ & ​​Family","[""Pop Culture"",""Business and Finance""]","[""Industries""]","[""Legal Services Industry""]",[],"[""Trust""]",[],[],,,,,,,,,,,,2026-04-22 15:47:15.158947
0ac98c64-43b2-4e07-a261-eb29d668bcee,608871,MOVIE,Hercules,Hercules,,2959.5899727862743,2977.8081728239445,,True,TV_G,608871,608871,Fantasy,"Greek,mythology,warrior,hero,heroic,Hercules,Zeus,combat,cartoon,​​Animation,​​Kids​​ & ​​Family","[""Attractions""]","[""Outdoor Activities""]",[],[],"[""Anticipation"",""Transitional"",""Surprise""]",[],[],,,,,,,,,,,,2026-04-22 15:47:15.158947
8da2213e-4a51-4a41-9715-5cc90cac34eb,608871,MOVIE,Hercules,Hercules,,4696.39170971083,4718.580543090044,,True,TV_G,608871,608871,Fantasy,"Greek,mythology,warrior,hero,heroic,Hercules,Zeus,combat,cartoon,​​Animation,​​Kids​​ & ​​Family","[""Genres""]","[""Comedy"",""Documentary"",""Drama""]",[],"[""Documentary"",""Comedy"",""Drama""]","[""Anticipation"",""Trust""]",[],"[""Explicit Nudity"",""Non-Explicit Nudity of Intimate parts and Kissing"",""Explicit Sexual Activity""]",detected,,,,,,,,,,,2026-04-22 15:47:15.158947
d3207df7-6d05-40c3-b898-5bb7f7761108,608871,MOVIE,Hercules,Hercules,,4839.668176673752,4859.588076714941,,True,TV_G,608871,608871,Fantasy,"Greek,mythology,warrior,hero,heroic,Hercules,Zeus,combat,cartoon,​​Animation,​​Kids​​ & ​​Family","[""Attractions"",""Genres""]","[""Drama"",""Action/Adventure""]",[],"[""Drama"",""Action/Adventure""]","[""Anticipation""]",[],[],,,,,,,,,,,,2026-04-22 15:47:15.158947
0f048177-21f3-4ceb-8355-f142423c5e78,608871,MOVIE,Hercules,Hercules,,4899.594710130997,4914.542976828572,,True,TV_G,608871,608871,Fantasy,"Greek,mythology,warrior,hero,heroic,Hercules,Zeus,combat,cartoon,​​Animation,​​Kids​​ & ​​Family","[""Genres""]","[""Romance"",""Biographies"",""Animation & Anime""]",[],"[""Animation & Anime"",""Romance"",""Biographies""]","[""Anticipation"",""Trust"",""Surprise""]",[],"[""Violence""]",,,,,,,,,,,,2026-04-22 15:47:15.158947
cda74215-3bcf-41fa-b572-198da7a66bcd,608871,MOVIE,Hercules,Hercules,,3615.745474143021,3633.997040847427,,True,TV_G,608871,608871,Fantasy,"Greek,mythology,warrior,hero,heroic,Hercules,Zeus,combat,cartoon,​​Animation,​​Kids​​ & ​​Family","[""Attractions""]","[""Museums & Galleries""]",[],[],"[""Trust"",""Anticipation""]",[],[],,,,,,,,,,,,2026-04-22 15:47:15.158947
8bd8c3bd-2f31-4177-84fd-38981407799b,608871,MOVIE,Hercules,Hercules,,4159.455308600594,4178.541041973392,,True,TV_G,608871,608871,Fantasy,"Greek,mythology,warrior,hero,heroic,Hercules,Zeus,combat,cartoon,​​Animation,​​Kids​​ & ​​Family","[""Genres""]","[""Romance"",""Drama""]",[],"[""Drama"",""Romance""]","[""Anticipation""]",[],[],,,,,,,,,,,,2026-04-22 15:47:15.158947
841c59c2-ef5a-4c9b-aaad-85b1b764af16,608871,MOVIE,Hercules,Hercules,,1714.7797368790202,1739.1707702627873,,True,TV_G,608871,608871,Fantasy,"Greek,mythology,warrior,hero,heroic,Hercules,Zeus,combat,cartoon,​​Animation,​​Kids​​ & ​​Family","[""Genres""]","[""Comedy"",""Romance"",""Documentary""]",[],"[""Documentary"",""Comedy"",""Romance""]","[""Trust"",""Anticipation""]",[],"[""Violence""]",,,,,,,,,,,,2026-04-22 15:47:15.158947
c827a99d-3150-4366-94a9-9c52bd4972ba,608871,MOVIE,Hercules,Hercules,,1577.3758032615738,1598.2633366380967,,True,TV_G,608871,608871,Fantasy,"Greek,mythology,warrior,hero,heroic,Hercules,Zeus,combat,cartoon,​​Animation,​​Kids​​ & ​​Family","[""Attractions""]","[""Outdoor Activities""]",[],[],"[""Anticipation""]",[],[],,,,,,,,,,,,2026-04-22 15:47:15.158947
4efeb391-a03b-4d9b-bf01-0d01d3a6fcfe,608871,MOVIE,Hercules,Hercules,,698.4310681108276,717.9505681511885,,True,TV_G,608871,608871,Fantasy,"Greek,mythology,warrior,hero,heroic,Hercules,Zeus,combat,cartoon,​​Animation,​​Kids​​ & ​​Family","[""Genres""]","[""Animation & Anime"",""Documentary""]",[],"[""Documentary"",""Animation & Anime""]",[],[],"[""Violence""]",,,,,,,,,,,,2026-04-22 15:47:15.158947
244f9dea-4b16-45ae-aeb8-6d240f48358a,608871,MOVIE,Hercules,Hercules,,2638.5025387890214,2656.987672160577,,True,TV_G,608871,608871,Fantasy,"Greek,mythology,warrior,hero,heroic,Hercules,Zeus,combat,cartoon,​​Animation,​​Kids​​ & ​​Family","[""Attractions"",""Genres""]","[""Soap Opera"",""Outdoor Activities""]",[],"[""Soap Opera""]","[""Transitional"",""Trust"",""Joy""]",[],[],,,,,,,,,,,,2026-04-22 15:47:15.158947
1984f320-60b3-4ce8-bc7e-46652ffe6371,608871,MOVIE,Hercules,Hercules,,4914.576343495308,4937.999743543741,,True,TV_G,608871,608871,Fantasy,"Greek,mythology,warrior,hero,heroic,Hercules,Zeus,combat,cartoon,​​Animation,​​Kids​​ & ​​Family","[""Genres""]","[""Mystery"",""Soap Opera"",""Comedy""]",[],"[""Comedy"",""Soap Opera"",""Mystery""]","[""Anticipation""]",[],"[""Violence""]",,,,,,,,,,,,2026-04-22 15:47:15.158947
39f49137-554f-4293-b71d-2ae35eeeb835,608871,MOVIE,Hercules,Hercules,,3077.340939696417,3095.7593397345013,,True,TV_G,608871,608871,Fantasy,"Greek,mythology,warrior,hero,heroic,Hercules,Zeus,combat,cartoon,​​Animation,​​Kids​​ & ​​Family","[""Attractions""]","[""Outdoor Activities""]",[],[],"[""Transitional"",""Anticipation""]",[],[],,,,,,,,,,,,2026-04-22 15:47:15.158947
036c766f-6d2f-4246-8a3d-477c44ba1015,608871,MOVIE,Hercules,Hercules,,2417.982238333047,2432.963871697358,,True,TV_G,608871,608871,Fantasy,"Greek,mythology,warrior,hero,heroic,Hercules,Zeus,combat,cartoon,​​Animation,​​Kids​​ & ​​Family","[""Attractions""]","[""Outdoor Activities""]",[],[],"[""Transitional"",""Anticipation""]",[],[],,,,,,,,,,,,2026-04-22 15:47:15.158947
7fa989a5-b740-48a7-abe0-ecf7b201a995,608871,MOVIE,Hercules,Hercules,,4599.661742844152,4617.74647621488,,True,TV_G,608871,608871,Fantasy,"Greek,mythology,warrior,hero,heroic,Hercules,Zeus,combat,cartoon,​​Animation,​​Kids​​ & ​​Family","[""Genres"",""Attractions""]","[""Outdoor Activities"",""Comedy"",""Action/Adventure""]",[],"[""Comedy"",""Action/Adventure""]","[""Trust"",""Anticipation""]",[],"[""Weapons"",""Graphic Violence""]",,detected,,detected,,,,,,,,2026-04-22 15:47:15.158947
f9f9930e-066e-4022-969d-49cbf803d224,608871,MOVIE,Hercules,Hercules,,1915.947370628312,1935.9673706697079,,True,TV_G,608871,608871,Fantasy,"Greek,mythology,warrior,hero,heroic,Hercules,Zeus,combat,cartoon,​​Animation,​​Kids​​ & ​​Family","[""Attractions""]","[""Outdoor Activities""]",[],[],"[""Trust"",""Anticipation""]",[],"[""Violence""]",,,,,,,,,,,,2026-04-22 15:47:15.158947
77951f2e-e4c2-4a5c-b6c9-f9fff66eb0ce,608871,MOVIE,Hercules,Hercules,,2734.431705654043,2759.3899723723166,,True,TV_G,608871,608871,Fantasy,"Greek,mythology,warrior,hero,heroic,Hercules,Zeus,combat,cartoon,​​Animation,​​Kids​​ & ​​Family","[""Attractions""]","[""Outdoor Activities""]",[],[],"[""Anticipation""]",[],[],,,,,,,,,,,,2026-04-22 15:47:15.158947
9381c803-c334-4353-9313-6a7b273b26e2,608871,MOVIE,Hercules,Hercules,,3657.7874742299523,3678.9419409403604,,True,TV_G,608871,608871,Fantasy,"Greek,mythology,warrior,hero,heroic,Hercules,Zeus,combat,cartoon,​​Animation,​​Kids​​ & ​​Family","[""War and Conflicts"",""Genres""]","[""Comedy""]",[],"[""Comedy""]","[""Surprise""]",[],"[""Violence""]",,,,,,,,,,,,2026-04-22 15:47:15.158947
f751553f-51c8-4313-aeff-40079649b163,608871,MOVIE,Hercules,Hercules,,4957.385776917159,4978.073110293269,,True,TV_G,608871,608871,Fantasy,"Greek,mythology,warrior,hero,heroic,Hercules,Zeus,combat,cartoon,​​Animation,​​Kids​​ & ​​Family","[""Attractions"",""Genres""]","[""Animation & Anime"",""Documentary""]",[],"[""Documentary"",""Animation & Anime""]","[""Anticipation"",""Trust""]",[],[],,,,,,,,,,,,2026-04-22 15:47:15.158947
d7c35b08-45fe-4d40-a81f-92a2344d7314,608871,MOVIE,Hercules,Hercules,,2657.0210388273126,2677.675005536686,,True,TV_G,608871,608871,Fantasy,"Greek,mythology,warrior,hero,heroic,Hercules,Zeus,combat,cartoon,​​Animation,​​Kids​​ & ​​Family","[""Attractions""]","[""Museums & Galleries"",""Historic Site and Landmark Tours""]",[],[],"[""Trust"",""Anticipation""]",[],[],,,,,,,,,,,,2026-04-22 15:47:15.158947
478f25f1-bdfa-4ef2-beb6-e86a73bfa59f,608871,MOVIE,Hercules,Hercules,,4298.2272755542035,4319.148175597462,,True,TV_G,608871,608871,Fantasy,"Greek,mythology,warrior,hero,heroic,Hercules,Zeus,combat,cartoon,​​Animation,​​Kids​​ & ​​Family","[""Attractions"",""Sports""]","[""Martial Arts""]",[],[],"[""Anticipation"",""Joy""]",[],[],,,,,,,,,,,,2026-04-22 15:47:15.158947
2e6c4e12-aaf3-409d-9cd1-8981b864e84f,608871,MOVIE,Hercules,Hercules,,3196.4265732759864,3214.377839979771,,True,TV_G,608871,608871,Fantasy,"Greek,mythology,warrior,hero,heroic,Hercules,Zeus,combat,cartoon,​​Animation,​​Kids​​ & ​​Family","[""Genres"",""Education""]","[""College Education"",""Comedy"",""Documentary""]","[""Postgraduate Education""]","[""Comedy"",""Documentary""]","[""Anticipation""]",[],"[""Violence""]",,,,,,,,,,,,2026-04-22 15:47:15.158947
27082fef-2858-45e3-b5ec-d04fa5a5a597,608871,MOVIE,Hercules,Hercules,,2876.9073726153097,2898.362139326339,,True,TV_G,608871,608871,Fantasy,"Greek,mythology,warrior,hero,heroic,Hercules,Zeus,combat,cartoon,​​Animation,​​Kids​​ & ​​Family","[""Genres"",""Attractions""]","[""Soap Opera"",""Outdoor Activities""]",[],"[""Soap Opera""]","[""Trust"",""Surprise""]",[],[],,,,,,,,,,,,2026-04-22 15:47:15.158947
327f2f64-6261-4c50-b3e8-a8ce6e9f66d5,608871,MOVIE,Hercules,Hercules,,2839.0695725370715,2857.788272575777,,True,TV_G,608871,608871,Fantasy,"Greek,mythology,warrior,hero,heroic,Hercules,Zeus,combat,cartoon,​​Animation,​​Kids​​ & ​​Family","[""Attractions""]","[""Outdoor Activities"",""Museums & Galleries""]",[],[],"[""Joy"",""Anticipation""]",[],[],,,,,,,,,,,,2026-04-22 15:47:15.158947
62f98d27-98f8-4d1e-a8ec-00872e2ead98,608871,MOVIE,Hercules,Hercules,,1334.333002759029,1357.356002806634,,True,TV_G,608871,608871,Fantasy,"Greek,mythology,warrior,hero,heroic,Hercules,Zeus,combat,cartoon,​​Animation,​​Kids​​ & ​​Family","[""Attractions"",""Fine Art""]","[""Museums & Galleries""]",[],[],"[""Trust"",""Joy"",""Anticipation""]",[],[],,,,,,,,,,,,2026-04-22 15:47:15.158947
74989d9b-8294-40ed-ab08-a4b507a5a721,608871,MOVIE,Hercules,Hercules,,2939.803539412028,2959.5566061195386,,True,TV_G,608871,608871,Fantasy,"Greek,mythology,warrior,hero,heroic,Hercules,Zeus,combat,cartoon,​​Animation,​​Kids​​ & ​​Family","[""Attractions"",""Automotive""]","[""Outdoor Activities""]",[],[],"[""Trust"",""Joy""]",[],[],,,,,,,,,,,,2026-04-22 15:47:15.158947
383c1fd2-8f34-4704-8138-e38504ecd253,608871,MOVIE,Hercules,Hercules,,5277.0384442447785,5295.79051095022,,True,TV_G,608871,608871,Fantasy,"Greek,mythology,warrior,hero,heroic,Hercules,Zeus,combat,cartoon,​​Animation,​​Kids​​ & ​​Family","[""Genres"",""Education""]","[""Comedy"",""College Education"",""Documentary""]","[""Postgraduate Education""]","[""Documentary"",""Comedy""]","[""Anticipation"",""Trust"",""Joy""]",[],[],,,,,,,,,,,,2026-04-22 15:47:15.158947
4a7701e7-07ac-4ccb-86c4-6e777c6faf9c,608871,MOVIE,Hercules,Hercules,,4819.815009966034,4839.634810007016,,True,TV_G,608871,608871,Fantasy,"Greek,mythology,warrior,hero,heroic,Hercules,Zeus,combat,cartoon,​​Animation,​​Kids​​ & ​​Family","[""Genres""]","[""Documentary"",""Comedy""]",[],"[""Documentary"",""Comedy""]","[""Anticipation""]",[],"[""Violence""]",,,,,,,,,,,,2026-04-22 15:47:15.158947
0eab6c54-3d32-4cbf-8c4d-4fc991a58bc2,608871,MOVIE,Hercules,Hercules,,4098.861441808637,4117.713608514285,,True,TV_G,608871,608871,Fantasy,"Greek,mythology,warrior,hero,heroic,Hercules,Zeus,combat,cartoon,​​Animation,​​Kids​​ & ​​Family","[""Attractions"",""Genres""]","[""Comedy"",""Outdoor Activities""]",[],"[""Comedy""]","[""Joy"",""Anticipation""]",[],[],,,,,,,,,,,,2026-04-22 15:47:15.158947
b7703aea-30ff-4d15-81ac-e6ccf7100e9a,608871,MOVIE,Hercules,Hercules,,1535.8343031756774,1554.319436547233,,True,TV_G,608871,608871,Fantasy,"Greek,mythology,warrior,hero,heroic,Hercules,Zeus,combat,cartoon,​​Animation,​​Kids​​ & ​​Family","[""Genres"",""Attractions""]","[""Comedy"",""Outdoor Activities"",""Fantasy""]",[],"[""Fantasy"",""Comedy""]","[""Joy"",""Anticipation""]",[],[],,,,,,,,,,,,2026-04-22 15:47:15.158947
12f269f7-d92f-42d2-8a89-06b5993392c2,608871,MOVIE,Hercules,Hercules,,3258.2550067371635,3279.2760067806294,,True,TV_G,608871,608871,Fantasy,"Greek,mythology,warrior,hero,heroic,Hercules,Zeus,combat,cartoon,​​Animation,​​Kids​​ & ​​Family","[""Genres"",""Attractions""]","[""Animation & Anime""]",[],"[""Animation & Anime""]","[""Anticipation"",""Joy""]",[],[],,,,,,,,,,,,2026-04-22 15:47:15.158947
21895344-7a24-4154-9e54-172969df3241,608871,MOVIE,Hercules,Hercules,,1173.1052690923216,1197.8299691434454,,True,TV_G,608871,608871,Fantasy,"Greek,mythology,warrior,hero,heroic,Hercules,Zeus,combat,cartoon,​​Animation,​​Kids​​ & ​​Family","[""Genres"",""Attractions""]","[""Comedy"",""Documentary""]",[],"[""Comedy"",""Documentary""]","[""Trust"",""Anticipation""]",[],"[""Violence""]",,,,,,,,,,,,2026-04-22 15:47:15.158947
700773af-66d7-4d59-89fa-faa437c78304,608871,MOVIE,Hercules,Hercules,,1307.072436035995,1334.2996360922932,,True,TV_G,608871,608871,Fantasy,"Greek,mythology,warrior,hero,heroic,Hercules,Zeus,combat,cartoon,​​Animation,​​Kids​​ & ​​Family","[""Genres""]","[""Documentary"",""Comedy"",""Drama""]",[],"[""Comedy"",""Documentary"",""Drama""]","[""Joy"",""Transitional""]",[],[],,,,,,,,,,,,2026-04-22 15:47:15.158947
5d87fb32-d606-48ac-b0f7-875fa0f9833c,608871,MOVIE,Hercules,Hercules,,2313.311004783283,2337.601938166843,,True,TV_G,608871,608871,Fantasy,"Greek,mythology,warrior,hero,heroic,Hercules,Zeus,combat,cartoon,​​Animation,​​Kids​​ & ​​Family","[""Attractions"",""Education""]","[""College Education"",""Historic Site and Landmark Tours""]","[""Postgraduate Education""]",[],"[""Anticipation"",""Trust"",""Joy""]",[],[],,,,,,,,,,,,2026-04-22 15:47:15.158947
e16d3368-a21f-427c-8e6a-0633234674bc,608871,MOVIE,Hercules,Hercules,,134.60113361165097,156.62313365718634,,True,TV_G,608871,608871,Fantasy,"Greek,mythology,warrior,hero,heroic,Hercules,Zeus,combat,cartoon,​​Animation,​​Kids​​ & ​​Family","[""Attractions""]","[""Historic Site and Landmark Tours"",""Museums & Galleries""]",[],[],"[""Joy"",""Informative"",""Trust""]",[],[],,,,,,,,,,,,2026-04-22 15:47:15.158947
75eb6863-1021-4ea4-aabb-da91a39ef08d,608871,MOVIE,Hercules,Hercules,,3897.0598413913676,3919.548974771202,,True,TV_G,608871,608871,Fantasy,"Greek,mythology,warrior,hero,heroic,Hercules,Zeus,combat,cartoon,​​Animation,​​Kids​​ & ​​Family","[""Genres"",""Attractions""]","[""Documentary"",""Comedy""]",[],"[""Comedy"",""Documentary""]","[""Joy"",""Anticipation""]",[],[],,,,,,,,,,,,2026-04-22 15:47:15.158947
b6b16b69-e797-4788-8dd2-05bced00d150,608871,MOVIE,Hercules,Hercules,,2818.3155058274915,2839.036205870336,,True,TV_G,608871,608871,Fantasy,"Greek,mythology,warrior,hero,heroic,Hercules,Zeus,combat,cartoon,​​Animation,​​Kids​​ & ​​Family","[""Attractions""]","[""Historic Site and Landmark Tours""]",[],[],"[""Anticipation"",""Trust""]",[],[],,,,,,,,,,,,2026-04-22 15:47:15.158947
99ee0281-b0e0-4e8b-911f-cc778d35d3c6,608871,MOVIE,Hercules,Hercules,,4337.666675635753,4359.121442346782,,True,TV_G,608871,608871,Fantasy,"Greek,mythology,warrior,hero,heroic,Hercules,Zeus,combat,cartoon,​​Animation,​​Kids​​ & ​​Family","[""Genres""]","[""Documentary"",""Comedy""]",[],"[""Documentary"",""Comedy""]","[""Anticipation""]",[],[],,,,,,,,,,,,2026-04-22 15:47:15.158947
4451d3c4-9f94-4230-85d5-a04606ec4553,608871,MOVIE,Hercules,Hercules,,1998.0627374647704,2018.0827375061663,,True,TV_G,608871,608871,Fantasy,"Greek,mythology,warrior,hero,heroic,Hercules,Zeus,combat,cartoon,​​Animation,​​Kids​​ & ​​Family","[""Genres"",""Attractions"",""Books and Literature""]","[""Comedy"",""Museums & Galleries""]",[],"[""Comedy""]","[""Trust"",""Sadness""]",[],[],,,,,,,,,,,,2026-04-22 15:47:15.158947
442efdc0-8dcc-433c-88a2-19a48d25a341,608871,MOVIE,Hercules,Hercules,,3419.5161070706067,3436.032607104758,,True,TV_G,608871,608871,Fantasy,"Greek,mythology,warrior,hero,heroic,Hercules,Zeus,combat,cartoon,​​Animation,​​Kids​​ & ​​Family","[""Education"",""Genres""]","[""Drama"",""Romance"",""College Education""]","[""Postgraduate Education""]","[""Romance"",""Drama""]","[""Anger"",""Anticipation"",""Conflict""]",[],"[""Violence"",""Graphic Violence""]",,,,detected,,,,,,,,2026-04-22 15:47:15.158947
38acbfc1-4a7d-4eb4-acdb-b9813b79e03c,608871,MOVIE,Hercules,Hercules,,4138.868075224693,4159.421941933859,,True,TV_G,608871,608871,Fantasy,"Greek,mythology,warrior,hero,heroic,Hercules,Zeus,combat,cartoon,​​Animation,​​Kids​​ & ​​Family","[""Genres"",""Attractions""]","[""Animation & Anime""]",[],"[""Animation & Anime""]","[""Joy"",""Trust""]",[],[],,,,,,,,,,,,2026-04-22 15:47:15.158947
fe30dc5a-c8ea-47ea-9372-39ab3ab9016a,608871,MOVIE,Hercules,Hercules,,3239.302740031309,3258.221640070428,,True,TV_G,608871,608871,Fantasy,"Greek,mythology,warrior,hero,heroic,Hercules,Zeus,combat,cartoon,​​Animation,​​Kids​​ & ​​Family","[""Attractions""]","[""Outdoor Activities""]",[],[],"[""Joy"",""Anticipation"",""Fear""]",[],[],,,,,,,,,,,,2026-04-22 15:47:15.158947
10ccc862-dab2-4e1b-b7b1-a50013dc6ad8,608871,MOVIE,Hercules,Hercules,,1677.6760034689667,1699.3643368471453,,True,TV_G,608871,608871,Fantasy,"Greek,mythology,warrior,hero,heroic,Hercules,Zeus,combat,cartoon,​​Animation,​​Kids​​ & ​​Family","[""Attractions"",""Genres""]","[""Biographies"",""Animation & Anime"",""Historic Site and Landmark Tours""]",[],"[""Biographies"",""Animation & Anime""]","[""Anticipation"",""Surprise"",""Trust""]",[],[],,,,,,,,,,,,2026-04-22 15:47:15.158947
2bd5d166-0cc2-4fd8-82d2-94950c89dbc8,608871,MOVIE,Hercules,Hercules,,999.3984020664775,1019.9522687756438,,True,TV_G,608871,608871,Fantasy,"Greek,mythology,warrior,hero,heroic,Hercules,Zeus,combat,cartoon,​​Animation,​​Kids​​ & ​​Family","[""Genres"",""Attractions""]","[""Comedy"",""Documentary""]",[],"[""Documentary"",""Comedy""]","[""Trust"",""Anticipation""]",[],[],,,,,,,,,,,,2026-04-22 15:47:15.158947
95fd2895-9309-4dbd-b30f-466343be4fab,608871,MOVIE,Hercules,Hercules,,4038.8681750179207,4059.7890750611796,,True,TV_G,608871,608871,Fantasy,"Greek,mythology,warrior,hero,heroic,Hercules,Zeus,combat,cartoon,​​Animation,​​Kids​​ & ​​Family","[""Genres"",""Attractions""]","[""Action/Adventure"",""Outdoor Activities""]",[],"[""Action/Adventure""]","[""Transitional"",""Anticipation""]",[],[],,,,,,,,,,,,2026-04-22 15:47:15.158947
1676b2ca-0c34-48f1-a4c8-58c7ed9e6010,608871,MOVIE,Hercules,Hercules,,1955.053104042505,1979.0437374254445,,True,TV_G,608871,608871,Fantasy,"Greek,mythology,warrior,hero,heroic,Hercules,Zeus,combat,cartoon,​​Animation,​​Kids​​ & ​​Family","[""Genres""]","[""Documentary"",""Romance"",""Comedy""]",[],"[""Documentary"",""Romance"",""Comedy""]","[""Anticipation""]",[],"[""Violence""]",,,,,,,,,,,,2026-04-22 15:47:15.158947
245a4908-919d-429f-9abe-021e19268f8a,608871,MOVIE,Hercules,Hercules,,1756.9218369661583,1778.309870343716,,True,TV_G,608871,608871,Fantasy,"Greek,mythology,warrior,hero,heroic,Hercules,Zeus,combat,cartoon,​​Animation,​​Kids​​ & ​​Family","[""Genres"",""Attractions""]","[""Museums & Galleries"",""Soap Opera""]",[],"[""Soap Opera""]","[""Anticipation"",""Trust""]",[],"[""Violence""]",,,,,,,,,,,,2026-04-22 15:47:15.158947
f0361321-7266-4023-90d4-cb058bdd9b9b,608871,MOVIE,Hercules,Hercules,,1839.5043371369159,1857.722537174586,,True,TV_G,608871,608871,Fantasy,"Greek,mythology,warrior,hero,heroic,Hercules,Zeus,combat,cartoon,​​Animation,​​Kids​​ & ​​Family","[""Attractions""]","[""Outdoor Activities""]",[],[],"[""Joy"",""Anticipation""]",[],[],,,,,,,,,,,,2026-04-22 15:47:15.158947
bf23ea09-1471-4089-bc84-9187ff7d346e,608871,MOVIE,Hercules,Hercules,,2432.997238364094,2457.9555050823674,,True,TV_G,608871,608871,Fantasy,"Greek,mythology,warrior,hero,heroic,Hercules,Zeus,combat,cartoon,​​Animation,​​Kids​​ & ​​Family","[""Attractions"",""Family and Relationships""]","[""Outdoor Activities""]",[],[],"[""Transitional"",""Anticipation""]",[],"[""Graphic Violence"",""Weapons""]",,detected,,detected,,,,,,,,2026-04-22 15:47:15.158947
afe66b53-f530-41e8-815a-cbe3eebabcf8,608871,MOVIE,Hercules,Hercules,,436.6028342361064,459.19206761614794,,True,TV_G,608871,608871,Fantasy,"Greek,mythology,warrior,hero,heroic,Hercules,Zeus,combat,cartoon,​​Animation,​​Kids​​ & ​​Family","[""Attractions"",""Genres""]","[""Factual"",""Drama"",""Museums & Galleries""]",[],"[""Drama"",""Factual""]","[""Trust"",""Transitional"",""Sadness""]",[],[],,,,,,,,,,,,2026-04-22 15:47:15.158947
be1636cf-ea35-4e4d-8210-fed86aa72867,608871,MOVIE,Hercules,Hercules,,5238.132910830999,5259.554310875293,,True,TV_G,608871,608871,Fantasy,"Greek,mythology,warrior,hero,heroic,Hercules,Zeus,combat,cartoon,​​Animation,​​Kids​​ & ​​Family","[""Genres"",""Attractions"",""Books and Literature""]","[""Comedy"",""Museums & Galleries""]",[],"[""Comedy""]","[""Anticipation"",""Trust"",""Joy""]",[],[],,,,,,,,,,,,2026-04-22 15:47:15.158947
3d0d7cda-50be-43e8-9234-6daa0440f39c,608871,MOVIE,Hercules,Hercules,,298.7317672843607,319.58593399414804,,True,TV_G,608871,608871,Fantasy,"Greek,mythology,warrior,hero,heroic,Hercules,Zeus,combat,cartoon,​​Animation,​​Kids​​ & ​​Family","[""Education"",""Attractions""]","[""Museums & Galleries"",""College Education""]","[""College Planning""]",[],"[""Anticipation"",""Trust""]",[],[],,,,,,,,,,,,2026-04-22 15:47:15.158947
392148bb-089a-4f72-a15e-ac231dac33ec,608871,MOVIE,Hercules,Hercules,,4215.344475382824,4234.863975423185,,True,TV_G,608871,608871,Fantasy,"Greek,mythology,warrior,hero,heroic,Hercules,Zeus,combat,cartoon,​​Animation,​​Kids​​ & ​​Family","[""Attractions"",""Books and Literature""]","[""Museums & Galleries"",""Fiction""]",[],[],"[""Anticipation"",""Trust""]",[],"[""Violence""]",,,,,,,,,,,,2026-04-22 15:47:15.158947
13fecf32-1841-42f1-81f3-5da19adc70df,608871,MOVIE,Hercules,Hercules,,2018.116104172902,2032.0633708684077,,True,TV_G,608871,608871,Fantasy,"Greek,mythology,warrior,hero,heroic,Hercules,Zeus,combat,cartoon,​​Animation,​​Kids​​ & ​​Family","[""Education"",""Genres""]","[""College Education"",""Animation & Anime"",""Biographies""]","[""College Planning""]","[""Biographies"",""Animation & Anime""]","[""Trust""]",[],"[""Violence""]",,,,,,,,,,,,2026-04-22 15:47:15.158947
1e88b62c-6a88-4978-83ae-d065ab2a33e6,608871,MOVIE,Hercules,Hercules,,2716.113405616166,2734.3983389873074,,True,TV_G,608871,608871,Fantasy,"Greek,mythology,warrior,hero,heroic,Hercules,Zeus,combat,cartoon,​​Animation,​​Kids​​ & ​​Family","[""Genres""]","[""Biographies"",""Drama""]",[],"[""Drama"",""Biographies""]","[""Anticipation"",""Trust""]",[],"[""Violence""]",,,,,,,,,,,,2026-04-22 15:47:15.158947
a883a2f8-b136-45a5-a002-f7db75c2c6dd,608871,MOVIE,Hercules,Hercules,,497.3969010284782,514.3471677301933,,True,TV_G,608871,608871,Fantasy,"Greek,mythology,warrior,hero,heroic,Hercules,Zeus,combat,cartoon,​​Animation,​​Kids​​ & ​​Family","[""Books and Literature"",""Genres""]","[""Biographies"",""Fiction"",""Comedy""]",[],"[""Comedy"",""Biographies""]","[""Trust"",""Anticipation""]",[],[],,,,,,,,,,,,2026-04-22 15:47:15.158947
b5f5a44c-0688-4b44-97fc-9fccf88df589,608871,MOVIE,Hercules,Hercules,,1877.90937054966,1896.9283705889861,,True,TV_G,608871,608871,Fantasy,"Greek,mythology,warrior,hero,heroic,Hercules,Zeus,combat,cartoon,​​Animation,​​Kids​​ & ​​Family","[""Attractions"",""Family and Relationships""]","[""Outdoor Activities""]",[],[],"[""Surprise"",""Anticipation"",""Trust""]",[],[],,,,,,,,,,,,2026-04-22 15:47:15.158947
031d64bd-2b53-4e85-8903-faf3c7006a91,608871,MOVIE,Hercules,Hercules,,1979.0771040921802,1998.0293707980347,,True,TV_G,608871,608871,Fantasy,"Greek,mythology,warrior,hero,heroic,Hercules,Zeus,combat,cartoon,​​Animation,​​Kids​​ & ​​Family","[""Genres""]","[""Documentary"",""Comedy"",""Family/Children""]",[],"[""Comedy"",""Documentary"",""Family/Children""]","[""Trust""]",[],"[""Violence""]",,,,,,,,,,,,2026-04-22 15:47:15.158947
ae126506-ad19-458a-b45f-8a1c0839ed3b,608871,MOVIE,Hercules,Hercules,,3738.000941062478,3759.922841107806,,True,TV_G,608871,608871,Fantasy,"Greek,mythology,warrior,hero,heroic,Hercules,Zeus,combat,cartoon,​​Animation,​​Kids​​ & ​​Family","[""Attractions"",""Genres""]","[""Outdoor Activities"",""Soap Opera""]",[],"[""Soap Opera""]","[""Trust"",""Sadness""]",[],[],,,,,,,,,,,,2026-04-22 15:47:15.158947
afe7540a-1dc3-4003-ae47-0c4fd856ed4f,608871,MOVIE,Hercules,Hercules,,514.380534396929,534.3671677715892,,True,TV_G,608871,608871,Fantasy,"Greek,mythology,warrior,hero,heroic,Hercules,Zeus,combat,cartoon,​​Animation,​​Kids​​ & ​​Family","[""Genres""]","[""Animation & Anime"",""Fantasy"",""Biographies""]",[],"[""Fantasy"",""Animation & Anime"",""Biographies""]","[""Joy""]",[],[],,,,,,,,,,,,2026-04-22 15:47:15.158947
9ad62074-a99e-4f5a-af5a-f1fad386e7d8,608871,MOVIE,Hercules,Hercules,,1078.1103688958985,1099.7987022740774,,True,TV_G,608871,608871,Fantasy,"Greek,mythology,warrior,hero,heroic,Hercules,Zeus,combat,cartoon,​​Animation,​​Kids​​ & ​​Family","[""Genres""]","[""Comedy"",""Documentary"",""Biographies""]",[],"[""Comedy"",""Documentary"",""Biographies""]","[""Trust"",""Joy"",""Anticipation""]",[],"[""Violence""]",,,,,,,,,,,,2026-04-22 15:47:15.158947
5abad6c1-d542-4790-b52f-b1b0a1650f71,608871,MOVIE,Hercules,Hercules,,1554.3528032139686,1577.342436594838,,True,TV_G,608871,608871,Fantasy,"Greek,mythology,warrior,hero,heroic,Hercules,Zeus,combat,cartoon,​​Animation,​​Kids​​ & ​​Family","[""Attractions"",""Genres""]","[""Soap Opera"",""Outdoor Activities""]",[],"[""Soap Opera""]","[""Anticipation"",""Trust""]",[],"[""Graphic Violence""]",,,,detected,,,,,,,,2026-04-22 15:47:15.158947
19205ff4-247b-409f-b0b6-c5e1c08b2ff3,608871,MOVIE,Hercules,Hercules,,2595.1592386994,2616.880938744314,,True,TV_G,608871,608871,Fantasy,"Greek,mythology,warrior,hero,heroic,Hercules,Zeus,combat,cartoon,​​Animation,​​Kids​​ & ​​Family","[""Genres"",""Books and Literature""]","[""Fiction"",""Comedy"",""Biographies""]",[],"[""Biographies"",""Comedy""]","[""Sadness"",""Anticipation"",""Joy""]",[],[],,,,,,,,,,,,2026-04-22 15:47:15.158947
29ed835d-0c11-4a73-a6a1-6d777f294480,608871,MOVIE,Hercules,Hercules,,2498.562738499665,2517.181338538163,,True,TV_G,608871,608871,Fantasy,"Greek,mythology,warrior,hero,heroic,Hercules,Zeus,combat,cartoon,​​Animation,​​Kids​​ & ​​Family","[""Genres"",""Attractions""]","[""Soap Opera"",""Museums & Galleries"",""Outdoor Activities""]",[],"[""Soap Opera""]","[""Anticipation"",""Surprise""]",[],[],,,,,,,,,,,,2026-04-22 15:47:15.158947
